X11,X12,X13,X21,X22,X23,KM11,KM12,KM13,KM21,KM22,KM23,KM31,KM32,KM33,LM11,LM12,LM13,LM21,LM22,LM23,LM31,LM32,LM33,Y11,Y12,Y13,Y14,Y21,Y22,Y23,Y31,Y32,Y33,W11,W12,W13
4,4,4,4,4,3,3,3,4,3,4,3,3,3,4,3,3,4,3,4,2,4,4,4,4,3,3,3,4,3,4,4,3,2,3,4,4
3,4,4,4,5,5,3,2,2,3,2,1,2,1,2,3,1,2,2,3,4,2,1,2,4,2,4,4,2,2,2,3,3,2,4,2,2
5,5,4,5,5,5,4,5,5,5,4,5,5,4,5,5,5,5,4,5,5,4,4,3,5,4,5,5,2,3,3,2,4,2,5,4,5
4,4,4,2,2,2,1,1,3,3,4,4,2,3,2,2,1,2,2,2,2,2,2,2,2,4,2,2,2,2,2,2,4,3,5,4,4
5,5,5,4,4,4,4,4,3,4,4,4,4,5,5,5,5,4,5,4,5,4,5,4,5,4,4,3,5,5,4,3,4,5,5,3,4
3,3,4,4,3,2,2,2,2,2,2,3,2,2,2,1,1,2,3,2,2,4,2,3,4,2,3,2,5,5,4,3,5,5,4,4,4
5,5,5,5,4,4,5,5,4,5,4,5,5,5,5,5,5,5,4,4,4,4,4,5,3,3,3,4,5,4,5,5,5,4,5,5,4
5,5,5,5,5,5,4,5,5,3,3,4,5,4,5,5,5,5,5,5,4,4,5,4,4,5,5,5,5,5,5,5,5,5,4,3,3
5,4,5,4,4,4,4,5,4,5,4,5,5,4,5,4,5,5,4,4,5,4,4,4,3,5,4,5,3,3,2,4,4,5,5,5,5
4,4,4,4,2,3,2,3,4,3,3,4,4,2,2,2,2,2,4,4,4,2,2,3,2,1,2,1,5,4,4,4,2,3,4,5,4
4,4,4,3,4,4,4,4,4,3,3,3,4,3,4,4,3,3,3,4,4,3,3,3,2,2,4,3,2,4,2,2,2,3,2,2,3
3,5,3,5,5,5,5,5,5,5,3,5,5,5,5,4,5,5,3,3,3,5,5,5,3,4,2,3,3,3,4,5,5,5,5,3,5
4,4,4,5,5,4,5,4,4,3,4,4,5,4,4,4,5,4,4,4,4,4,4,4,5,5,5,5,3,3,2,3,5,5,5,5,5
4,3,3,3,4,3,4,4,5,5,5,5,3,3,5,3,3,3,3,3,5,5,5,5,5,5,5,4,5,5,4,5,2,2,4,4,3
3,4,4,4,3,4,5,4,4,4,4,5,3,4,4,3,3,4,4,4,4,4,4,4,3,2,2,4,2,2,1,2,3,4,2,1,2
5,5,4,4,5,4,5,4,5,5,4,4,5,5,4,4,4,5,5,4,4,5,4,5,4,4,4,4,5,4,4,5,5,5,4,4,5
3,3,3,3,3,2,3,4,3,4,4,4,5,5,4,4,5,4,2,2,3,3,3,3,2,2,3,3,3,2,4,2,3,4,3,4,4
3,2,2,2,2,3,4,5,4,4,4,2,3,4,3,2,3,2,2,2,2,2,2,2,3,2,4,4,3,2,2,2,1,2,4,3,4
4,4,4,4,4,4,4,4,4,3,3,2,4,4,3,4,3,4,2,2,3,3,4,4,2,4,2,2,1,2,2,2,2,2,2,2,2
2,4,2,4,3,4,4,4,4,5,4,4,2,1,2,3,2,2,2,1,2,4,4,3,2,4,4,2,4,4,2,3,2,2,5,4,4
4,5,4,4,4,4,4,5,5,5,5,4,5,5,4,4,5,5,5,4,4,4,5,5,5,4,5,4,4,4,4,5,5,4,5,5,4
4,4,3,5,5,4,5,5,5,2,4,3,5,4,4,4,5,3,5,5,5,5,3,4,3,3,5,4,5,5,5,4,5,5,5,5,3
4,4,5,4,4,4,4,5,4,4,5,4,5,4,5,5,5,5,5,4,5,4,4,4,3,5,3,3,3,4,2,4,5,4,5,5,5
3,3,4,4,4,4,4,4,4,3,3,2,2,2,3,4,4,4,4,4,4,3,3,3,3,2,4,3,2,1,3,1,3,3,1,2,3
5,5,5,3,4,4,3,3,3,3,3,3,5,5,5,5,3,3,5,5,4,3,3,2,3,3,3,5,5,5,5,5,5,5,5,4,4
4,4,4,4,3,4,3,4,4,4,4,4,4,3,4,2,3,4,4,3,4,4,4,3,2,2,2,4,2,3,2,4,2,3,3,4,3
3,3,4,3,3,5,5,4,3,2,2,3,3,5,3,5,5,5,3,5,5,4,3,4,5,5,5,4,5,5,5,5,3,4,3,4,3
4,5,4,3,2,3,3,4,3,4,4,3,4,3,4,4,4,4,4,4,4,4,3,4,4,2,2,4,2,2,4,4,2,4,4,3,3
3,3,4,3,5,3,5,4,5,5,5,5,3,3,4,5,4,5,3,3,3,5,4,5,5,4,5,5,2,4,2,2,5,5,2,4,3
4,4,4,4,3,4,3,2,2,4,4,4,5,4,5,4,4,4,3,3,4,4,4,4,2,2,2,1,5,4,4,3,5,5,1,2,2
4,5,4,4,4,5,5,4,4,4,5,4,5,4,5,4,4,5,4,5,4,4,4,5,5,4,5,4,4,4,4,4,5,5,4,4,4
2,2,4,4,4,4,3,3,2,4,4,3,5,4,4,3,3,4,3,4,4,4,2,2,2,2,4,2,3,4,4,4,3,2,2,2,2
3,3,3,3,5,5,3,4,5,4,3,3,5,5,5,3,3,3,4,5,5,5,5,5,5,5,5,5,3,4,3,3,5,5,5,5,5
3,4,3,3,4,4,4,4,4,4,4,4,5,4,4,4,4,3,4,3,3,4,4,4,4,2,4,4,3,4,3,4,5,5,4,4,2
2,2,1,2,2,4,1,2,3,2,2,2,5,4,4,2,3,3,3,4,4,1,3,3,2,4,4,3,4,2,4,3,5,5,2,2,1
5,5,5,3,4,4,4,3,3,5,5,5,5,5,5,5,4,5,5,5,4,5,4,4,5,5,4,5,3,3,5,5,4,5,5,5,4
3,2,2,2,2,2,4,4,2,4,4,4,3,2,2,2,3,4,1,2,1,1,2,1,4,4,5,4,4,4,2,4,2,3,3,2,2
4,5,5,4,4,4,4,3,4,4,4,4,5,5,4,5,5,5,4,4,5,5,5,5,4,4,5,5,4,4,4,3,5,5,4,4,3
2,4,4,4,4,4,3,4,3,2,2,2,2,3,3,1,1,3,4,4,4,4,3,2,4,4,4,3,4,4,4,4,2,2,2,4,4
3,4,4,5,5,5,4,5,5,4,4,4,5,4,5,5,5,5,5,5,5,4,5,5,5,5,5,4,3,5,3,3,3,3,4,4,5
3,2,2,4,4,4,3,4,4,4,3,3,3,3,3,4,4,4,3,2,3,4,4,4,2,3,3,2,4,2,3,2,5,4,4,4,4
5,5,4,4,5,4,3,4,5,3,4,3,5,5,4,5,3,5,3,3,3,5,5,5,3,3,5,4,5,5,5,5,5,5,4,5,4
5,5,5,5,5,5,5,4,4,4,4,5,4,5,5,5,5,5,4,5,5,3,4,4,2,2,2,4,5,3,5,4,4,3,5,5,4
4,5,5,5,5,5,5,5,5,3,3,3,5,5,5,4,3,4,2,3,4,5,4,5,3,4,5,5,4,4,2,3,3,3,3,4,5
3,3,3,3,3,3,3,3,3,3,3,3,3,2,3,4,4,4,4,4,4,4,4,4,4,4,2,3,3,2,2,2,2,2,4,2,2
2,3,4,2,3,2,4,4,4,4,4,4,4,4,3,2,2,2,2,2,1,2,2,2,3,2,4,4,2,3,2,2,4,3,2,2,2
4,5,5,5,5,5,4,3,4,5,5,5,5,4,5,4,5,4,5,5,5,4,5,4,3,3,3,3,5,4,4,5,4,5,5,3,4
2,4,2,4,4,3,4,4,4,3,2,2,2,1,1,2,3,1,2,3,2,1,2,1,2,4,2,2,5,3,4,4,3,2,4,2,4
3,3,4,4,4,4,4,4,4,3,3,4,5,4,4,3,4,4,4,4,4,4,4,3,4,2,3,2,2,4,3,3,5,5,4,4,3
3,4,3,4,5,4,2,4,2,2,2,3,2,2,1,2,2,2,2,4,4,2,2,2,2,2,3,3,2,3,3,2,3,2,4,4,3
4,4,4,3,3,4,4,4,4,4,3,3,4,3,3,4,3,3,4,4,4,2,3,3,3,3,4,3,2,2,2,2,3,4,4,4,4
3,3,2,2,2,2,2,2,2,3,2,3,2,3,3,2,3,2,1,3,2,2,2,3,4,3,2,2,3,4,4,2,2,1,5,4,3
3,4,3,4,4,4,4,4,4,4,3,4,4,3,3,4,4,4,4,4,4,3,3,4,3,4,4,2,2,4,2,2,2,4,4,4,2
3,4,2,3,4,4,4,3,2,4,4,4,4,3,4,5,3,3,4,2,4,4,3,4,2,2,2,4,2,3,2,2,2,2,4,5,3
4,4,4,4,4,4,5,5,5,4,4,4,4,3,4,5,4,5,5,5,4,4,4,4,4,4,5,5,5,4,5,5,3,3,5,4,3
2,1,2,2,4,3,2,2,4,2,2,2,2,2,4,4,3,4,2,2,2,3,4,4,2,3,2,2,3,4,4,2,2,4,4,4,5
4,4,4,4,4,4,4,4,4,5,5,5,5,4,4,5,5,4,4,5,5,4,5,4,5,4,5,5,5,4,5,4,4,5,4,4,5
5,5,4,5,4,4,5,3,3,3,3,3,5,3,3,5,5,5,5,5,3,5,5,5,5,5,3,5,3,3,3,3,5,5,5,5,4
5,4,4,5,4,5,3,3,3,3,3,4,3,3,3,4,4,2,3,2,4,5,4,4,2,2,3,2,1,3,2,3,5,5,2,4,4
4,5,4,2,4,4,4,4,4,2,4,4,2,3,4,4,2,3,2,2,2,3,4,4,2,4,2,2,3,4,4,3,4,3,2,2,2
4,2,2,3,3,3,4,5,5,4,4,4,3,3,4,3,4,4,3,2,3,3,3,4,4,4,4,3,2,2,2,2,5,4,4,4,2
2,2,2,3,2,3,3,4,4,1,2,1,3,4,4,2,1,1,2,4,3,4,3,4,2,1,2,2,3,4,2,2,3,2,4,2,2
4,2,4,4,4,4,3,3,4,5,4,4,5,4,4,5,4,4,3,4,3,3,4,4,2,2,2,2,1,1,2,1,2,2,4,4,2
4,4,3,2,2,1,4,2,3,1,3,1,2,2,1,3,4,4,3,2,2,2,2,2,5,3,3,4,4,2,2,2,3,1,4,3,3
3,4,3,3,3,4,3,4,4,3,3,4,5,4,5,3,4,2,5,4,4,4,5,4,2,1,1,1,3,3,4,3,2,2,4,2,2
2,4,4,4,4,2,4,4,5,4,4,4,2,2,4,5,4,5,1,3,2,2,2,2,2,3,1,2,2,2,3,3,4,3,2,2,2
4,3,3,4,3,3,4,3,4,5,5,5,5,5,4,3,4,3,5,4,4,4,3,4,3,3,2,4,2,2,3,4,4,3,2,2,2
5,5,3,5,3,5,3,5,5,3,3,5,5,3,3,2,2,4,5,3,5,3,4,3,3,5,3,5,5,5,5,5,3,3,3,3,3
4,4,4,3,3,4,4,4,5,4,4,4,4,4,3,4,4,3,4,4,4,3,4,3,2,4,2,2,2,4,3,4,3,3,4,2,4
4,4,3,4,4,4,3,3,3,3,3,2,5,4,4,3,3,3,3,3,4,4,3,4,3,3,4,5,2,2,1,3,2,2,3,3,4
4,5,4,5,5,4,4,4,4,5,5,5,5,5,4,5,5,4,4,4,4,5,4,5,4,4,4,5,5,5,5,4,5,5,4,5,4
4,3,3,3,3,4,4,4,4,3,3,4,3,4,3,3,4,3,4,4,4,4,4,4,3,2,3,2,2,1,3,2,3,2,2,4,4
3,3,4,3,3,3,2,2,3,4,2,3,2,4,4,2,3,2,4,4,4,4,4,2,4,2,2,4,2,4,2,2,2,4,4,2,2
4,3,3,4,3,3,3,3,4,4,4,3,4,3,2,4,3,4,4,4,3,4,4,4,1,2,2,2,2,4,2,2,2,3,3,4,2
4,4,2,3,2,2,4,4,3,4,3,4,2,2,2,4,4,4,2,1,1,4,3,2,2,2,2,2,2,3,4,3,5,5,3,2,2
4,4,4,4,4,3,4,3,4,4,5,4,4,3,3,4,3,4,4,4,3,3,3,4,4,4,2,2,2,3,2,2,5,5,2,2,1
5,5,3,3,3,3,3,4,2,5,5,5,5,3,3,5,5,5,3,5,5,4,4,3,5,4,4,3,4,2,3,3,5,5,5,5,4
3,3,3,4,4,3,4,3,4,4,4,4,5,4,4,3,4,4,4,3,4,3,4,3,2,4,4,4,4,4,4,4,4,2,4,4,4
2,2,3,2,3,2,2,2,2,2,4,2,2,2,1,4,4,5,2,3,2,2,3,3,4,4,3,2,4,4,4,4,4,5,4,4,4
4,4,4,3,4,3,3,4,4,3,3,3,5,4,5,3,3,4,3,4,4,3,3,2,1,2,2,2,4,4,4,4,5,5,2,3,1
3,4,4,4,3,4,3,5,4,2,2,2,3,3,2,4,4,2,3,2,3,3,4,3,2,2,2,3,4,5,4,4,3,4,4,2,2
3,3,3,3,4,3,3,2,3,3,3,3,3,4,3,4,4,4,3,4,4,3,2,2,3,4,4,4,4,3,5,4,4,3,4,3,4
4,5,5,5,4,5,4,4,5,4,5,5,5,5,5,4,5,5,2,3,3,5,5,5,5,4,4,5,4,5,3,4,5,5,3,2,3
4,4,3,3,4,4,4,4,4,4,3,3,3,3,3,4,4,4,4,4,4,3,4,3,2,1,1,1,2,3,3,3,5,5,4,3,2
2,2,2,2,1,3,4,3,4,1,2,3,5,4,4,2,2,2,2,2,2,3,4,2,2,1,2,2,2,2,4,4,2,3,2,4,4
4,3,3,3,4,4,4,4,4,3,3,4,5,4,5,4,4,4,4,2,3,4,3,4,3,3,4,4,3,3,4,4,3,4,4,4,4
3,4,3,4,4,4,3,3,3,3,3,3,4,4,3,4,4,4,3,3,2,4,4,4,2,4,3,4,3,2,1,2,5,4,2,2,2
4,4,5,3,4,4,5,5,5,5,5,5,5,4,3,3,5,3,4,3,3,3,5,4,3,5,4,5,3,5,5,3,5,5,4,4,3
3,3,4,3,4,4,4,3,2,5,4,4,3,4,3,3,4,3,5,5,4,2,4,3,2,2,2,3,2,2,2,1,5,5,2,2,2
3,4,5,5,5,4,5,3,3,4,5,4,3,3,5,3,5,5,5,4,3,4,3,5,4,5,4,5,5,4,5,5,3,4,3,4,3
4,4,4,4,4,4,5,5,4,3,4,4,5,4,4,5,5,4,5,5,4,4,4,4,3,3,4,3,5,4,5,3,3,3,5,5,4
2,2,2,2,1,1,2,1,1,3,3,3,2,2,2,4,4,3,4,4,4,1,2,3,4,5,4,5,3,2,4,2,2,2,3,2,3
4,4,3,4,3,4,3,3,4,3,3,3,3,4,4,3,4,4,4,4,4,4,4,5,2,2,4,2,2,3,3,2,5,4,1,2,2
2,2,4,4,3,4,4,2,3,4,3,2,2,4,4,2,3,4,2,4,2,2,3,2,3,4,2,4,4,2,2,4,1,3,3,3,5
2,2,4,2,4,3,2,1,2,4,5,4,4,4,3,3,3,2,2,2,4,2,3,2,2,3,3,2,2,2,2,2,5,5,4,4,4
4,3,3,4,5,5,5,5,5,3,3,5,4,3,5,3,5,5,5,5,5,5,5,5,3,4,2,4,3,5,3,4,5,4,5,3,3
4,5,4,5,4,5,5,5,4,5,5,5,5,4,5,5,5,4,5,5,5,4,4,4,5,5,5,4,4,5,4,5,5,5,5,5,5
5,4,5,4,5,5,4,4,5,5,5,4,5,5,5,4,4,5,5,4,4,4,5,5,5,4,5,5,4,5,4,5,5,5,4,4,5
1,1,3,2,4,2,4,4,4,2,2,3,2,1,2,1,2,1,4,2,2,2,4,2,4,4,4,4,4,3,2,2,2,2,4,4,4
2,3,2,3,3,4,2,4,2,2,4,2,2,3,2,4,4,5,2,2,2,2,2,2,2,3,2,1,5,3,5,3,5,5,2,2,3
1,3,1,4,2,2,2,3,4,4,4,4,2,2,3,2,2,1,4,2,4,3,2,1,3,2,2,2,2,2,3,4,2,2,4,4,4
3,3,1,4,2,2,2,4,2,2,3,2,2,2,2,3,4,4,1,3,1,3,3,2,2,2,3,1,2,2,2,4,2,4,4,4,2
3,5,4,2,1,1,5,5,3,2,2,2,5,4,3,2,2,2,4,4,4,4,3,3,3,4,5,5,5,5,4,4,1,2,2,2,2
5,5,5,5,5,5,5,5,3,5,5,5,4,2,2,3,3,3,4,3,4,5,5,5,3,5,4,5,4,4,4,5,3,3,5,3,3
2,4,2,4,4,3,4,3,4,2,2,2,2,2,4,4,4,3,3,2,1,2,2,2,2,2,2,1,2,2,2,2,2,3,4,4,4
5,4,4,5,5,5,4,4,4,4,4,5,5,5,5,5,5,4,5,5,5,4,4,5,4,4,4,4,4,5,5,4,5,5,4,5,4
2,4,4,4,4,4,3,2,2,3,1,1,5,3,5,2,2,3,4,3,4,3,2,3,1,2,3,2,3,5,4,5,4,3,3,2,4
5,5,5,5,5,4,4,5,5,5,3,3,5,4,5,3,4,5,5,5,3,3,3,5,5,4,5,5,3,4,3,4,4,3,5,5,4
5,5,5,4,5,5,5,4,3,5,5,4,5,5,5,5,3,5,3,3,4,3,3,2,5,5,3,3,4,3,5,5,4,5,4,4,3
2,3,3,3,4,3,2,2,2,4,4,4,2,2,2,3,4,3,4,2,3,1,3,2,1,2,1,1,4,5,4,5,5,5,3,5,4
5,5,5,5,4,4,3,5,5,3,5,4,4,5,5,3,3,3,5,4,5,3,4,5,3,4,4,5,3,3,4,4,2,3,4,5,3
4,5,5,3,3,3,5,3,3,5,3,4,5,4,5,5,5,5,3,3,3,5,5,5,5,5,5,3,5,4,3,5,5,4,2,3,3
2,2,3,5,5,4,4,4,2,2,2,3,4,3,4,2,2,3,3,2,2,2,2,2,4,2,4,2,4,4,2,4,3,3,1,2,1
3,2,2,2,4,3,3,2,2,1,2,2,3,3,4,4,4,4,2,4,2,4,2,2,2,2,2,4,2,3,4,3,2,2,2,2,4
4,3,4,3,1,3,4,4,2,2,1,2,1,1,2,4,4,5,4,4,4,2,1,2,3,4,3,4,2,2,4,3,2,2,3,2,2
2,2,2,2,4,4,2,2,2,3,2,3,2,2,2,2,2,2,3,2,4,4,3,2,4,3,2,4,5,4,5,5,2,3,4,4,2
4,4,3,3,3,2,2,2,2,4,2,4,3,4,4,2,2,2,2,3,2,3,2,4,2,3,3,3,4,3,3,3,4,3,2,2,2
5,3,3,3,2,3,3,3,2,2,3,2,4,5,5,4,4,5,4,5,5,5,5,5,5,3,5,3,4,5,5,5,5,4,4,3,3
3,3,2,2,4,4,4,5,5,4,2,2,3,5,4,4,4,2,3,4,4,2,1,1,2,3,3,3,2,4,2,2,5,5,2,2,2
3,2,2,4,3,4,2,3,2,4,3,5,2,4,2,2,4,2,2,2,2,2,1,3,2,2,3,3,3,2,2,2,3,2,2,2,4
3,2,2,3,4,4,4,4,4,4,4,4,2,4,3,2,4,2,4,2,2,2,4,3,4,4,2,3,4,4,4,4,2,2,3,2,3
3,2,2,3,4,4,3,2,2,4,2,4,2,2,2,1,3,3,3,4,4,3,4,2,3,3,4,4,2,1,3,2,5,5,3,4,2
4,4,4,4,3,4,2,2,2,4,4,4,4,2,2,4,4,4,1,3,2,2,4,4,2,2,4,2,2,4,4,3,5,5,2,2,2
5,3,5,5,5,5,5,4,5,4,5,4,5,5,4,3,3,5,3,5,5,3,3,3,4,5,5,5,3,5,5,5,5,4,4,4,3
3,3,5,3,3,4,3,4,5,3,4,5,5,5,4,5,4,3,5,4,5,4,4,5,5,5,5,5,3,3,3,4,3,3,5,4,5
2,4,4,4,3,2,3,3,4,3,3,4,4,4,3,4,2,2,2,1,1,3,3,2,4,4,4,4,3,4,4,4,2,2,4,4,2
5,4,4,4,5,5,4,5,5,5,4,5,5,4,5,5,5,4,5,4,5,4,4,4,4,5,5,5,5,4,4,4,5,5,4,5,4
5,4,4,4,5,5,4,5,5,5,4,5,5,4,5,5,5,4,5,4,5,4,4,4,4,5,5,5,5,4,4,4,5,5,4,5,4
5,5,5,5,3,4,2,3,3,5,5,5,5,5,5,4,3,3,5,5,5,5,3,3,5,5,5,5,5,3,5,3,4,5,4,4,2
3,5,4,3,3,3,2,2,2,2,2,2,1,1,2,3,3,3,4,4,4,5,4,3,2,2,2,2,4,4,4,4,2,2,2,3,2
3,3,3,4,4,5,4,4,5,3,5,3,4,3,3,5,4,5,4,5,5,3,3,3,3,5,5,3,3,5,5,5,3,3,5,4,4
4,3,4,2,2,4,2,3,2,2,3,4,4,3,4,4,4,2,2,4,2,2,2,2,4,4,4,3,4,4,4,4,3,2,4,4,4
3,5,5,1,2,3,4,4,3,5,4,5,2,3,2,1,1,2,2,2,3,4,4,3,2,3,2,3,2,2,3,2,2,2,3,3,2
4,3,2,4,4,3,2,2,2,3,3,4,2,2,2,1,2,2,4,4,4,2,4,4,2,2,3,2,4,4,3,4,5,5,4,4,4
3,4,4,4,4,3,2,2,2,4,2,2,1,3,2,2,1,1,2,4,2,3,3,4,2,1,1,1,2,3,4,2,3,3,2,3,2
4,4,5,4,4,4,4,5,4,4,4,5,5,4,4,5,4,5,5,5,4,5,5,5,4,5,4,5,4,5,4,4,5,5,4,5,5
2,2,1,4,3,2,2,3,2,4,5,4,4,5,4,4,3,4,4,4,5,2,2,3,2,4,2,3,4,2,2,4,4,2,2,2,2
4,3,4,4,2,4,4,3,4,2,1,3,2,2,3,3,4,4,1,2,1,4,3,2,3,4,4,4,3,3,2,4,2,2,2,2,2
1,1,1,3,3,2,3,4,4,4,2,2,5,5,4,2,2,4,2,2,2,1,1,2,4,3,4,4,3,3,1,3,2,2,5,4,5
2,3,2,3,2,3,4,4,4,3,2,2,4,4,3,2,2,2,2,2,2,3,3,3,4,3,2,3,2,1,2,1,5,4,3,4,3
2,1,2,2,3,4,4,4,4,4,4,2,3,2,4,4,4,2,4,4,4,3,2,3,3,4,5,3,2,2,2,3,2,4,2,2,2
4,3,5,3,5,5,3,4,3,5,4,4,3,3,5,3,3,4,3,3,5,3,3,3,3,3,3,4,5,5,5,5,4,5,3,3,3
3,2,2,3,4,4,4,4,2,4,4,3,4,2,2,2,2,2,2,3,2,3,1,2,2,4,2,3,2,2,3,4,3,2,5,5,4
5,5,3,3,3,3,3,3,4,5,5,5,5,5,5,3,3,3,5,3,3,3,5,3,5,4,5,4,4,3,4,3,5,5,5,4,5
5,4,4,5,5,5,2,3,3,5,4,5,3,3,4,5,5,3,4,4,5,5,5,5,5,4,5,5,2,3,3,3,5,5,5,5,5
4,4,4,2,4,2,4,2,2,3,4,2,2,4,4,4,4,4,3,5,5,4,4,3,4,3,4,4,1,1,3,2,2,1,4,2,3
5,3,3,5,3,4,3,5,5,5,5,4,5,3,3,4,3,3,4,5,5,3,3,2,3,3,3,3,3,4,3,3,5,5,5,3,3
2,2,1,2,2,1,3,4,3,2,3,3,2,3,4,2,3,4,2,4,2,1,2,2,2,3,2,4,2,2,2,2,2,4,4,2,2
1,1,2,5,4,3,3,4,3,2,3,2,3,3,3,3,3,2,3,4,2,2,4,4,3,4,4,4,4,4,4,3,3,3,3,4,4
4,2,4,4,2,2,4,4,4,2,4,2,2,2,2,2,2,2,2,4,4,2,1,3,4,4,2,4,4,4,2,3,4,3,3,2,2
2,2,4,3,3,2,1,3,2,2,2,1,2,4,2,3,2,4,3,4,2,3,2,3,5,4,5,4,4,4,5,5,5,5,4,4,3
3,2,4,4,4,4,4,4,4,2,2,2,5,4,4,4,3,4,4,3,4,4,3,3,1,1,1,1,4,3,4,2,3,2,2,2,2
2,2,2,2,2,2,3,4,4,3,4,4,4,2,4,2,2,2,3,2,2,4,4,4,2,2,2,2,4,4,4,4,4,3,3,5,5
1,2,2,2,2,2,2,3,3,4,4,4,2,1,2,4,4,4,2,2,2,1,2,1,3,3,4,3,2,2,2,2,4,3,4,4,4
2,3,3,2,4,2,2,3,1,1,1,3,2,4,2,2,4,4,2,4,4,4,4,4,2,3,2,4,3,4,3,4,3,1,2,2,3
4,3,5,4,2,2,2,2,3,2,2,2,5,4,4,2,2,2,4,4,4,4,4,4,2,3,2,2,3,5,4,4,2,2,4,5,4
3,4,3,5,3,3,5,5,5,5,5,5,3,3,3,5,5,4,3,3,3,4,5,3,5,4,5,4,4,5,5,5,3,3,3,3,5
2,2,4,3,4,2,5,4,5,5,5,3,5,5,5,3,4,4,3,4,5,5,5,5,3,3,5,3,4,3,3,4,5,4,3,5,3
5,5,5,5,5,5,5,5,5,5,4,4,5,4,5,5,5,5,5,5,4,4,5,5,5,5,4,5,4,3,4,3,5,5,5,4,5
2,4,3,1,3,3,3,2,2,2,4,2,2,2,2,4,5,5,2,2,3,4,3,3,4,5,5,4,4,4,2,4,2,2,4,4,4
3,1,3,4,4,3,3,2,2,4,4,3,4,3,4,4,3,4,3,2,2,3,4,2,1,1,2,1,1,1,1,1,2,3,3,2,2
3,4,4,3,2,2,2,4,3,4,4,4,2,3,3,2,2,3,2,2,2,4,4,3,2,2,2,2,4,3,4,4,5,5,2,4,3
5,5,5,3,1,1,2,4,2,4,3,4,2,2,3,4,3,2,5,4,5,1,2,2,4,2,3,2,2,2,2,1,2,2,2,2,2
4,4,4,1,2,2,5,4,5,3,4,3,3,2,3,2,3,2,4,2,3,4,4,4,2,1,2,2,2,2,2,4,2,4,1,3,2
4,4,3,5,5,4,5,5,5,5,5,5,5,5,5,3,3,4,4,5,5,2,2,3,3,4,3,4,5,5,5,5,4,5,3,5,3
5,4,3,2,2,3,5,5,5,3,4,3,5,3,5,3,4,3,3,3,2,5,3,3,5,5,5,5,4,5,5,5,3,3,3,5,5
4,2,3,4,4,3,2,4,4,2,4,4,2,3,3,3,2,4,2,2,1,2,2,3,4,2,2,2,3,4,4,4,2,2,3,2,2
2,2,3,3,4,3,4,4,5,2,2,2,5,5,4,2,2,4,4,5,4,2,2,2,2,3,4,4,4,4,4,4,3,4,3,3,2
2,2,2,2,2,2,5,3,3,2,2,2,2,1,1,4,4,3,2,2,2,5,4,3,4,4,2,4,5,4,4,3,2,2,3,4,2
3,3,4,4,3,5,3,3,4,5,5,5,5,3,5,3,3,3,5,3,5,5,5,4,3,5,5,3,5,4,4,5,5,5,3,2,2
2,3,2,2,3,3,2,2,3,4,2,2,3,2,3,4,2,4,4,3,4,4,4,2,3,3,2,2,2,1,2,1,2,4,5,4,5
2,2,2,3,4,3,4,4,2,4,3,3,2,2,2,5,4,4,2,2,2,3,4,2,2,4,2,4,2,2,2,3,2,4,2,4,2
5,4,5,2,3,1,2,3,2,2,1,1,2,3,2,2,2,4,2,2,2,2,4,4,2,1,1,3,4,4,3,4,5,5,2,2,3
3,4,2,4,4,5,1,3,2,4,4,4,2,2,2,4,4,5,5,3,4,3,4,3,2,2,1,1,3,4,2,2,2,3,3,4,4
4,4,3,2,2,3,2,4,4,2,1,2,5,5,4,2,2,2,1,2,2,4,4,3,1,2,1,2,3,4,2,2,3,2,4,4,2
2,3,4,4,3,3,3,3,3,4,4,2,1,3,2,3,3,2,2,4,2,2,2,2,2,2,3,3,2,2,4,2,5,5,2,4,3
4,3,3,2,3,1,4,4,4,4,3,4,5,4,4,1,2,2,2,2,4,4,4,3,1,3,1,1,4,4,4,4,3,4,4,4,4
5,4,3,5,4,5,3,3,3,3,3,2,5,5,4,5,5,4,5,5,5,3,4,5,5,3,5,4,5,4,5,5,3,4,5,5,5
3,4,3,5,4,3,5,5,5,5,4,4,5,5,4,5,5,4,3,5,3,4,5,5,5,5,3,4,5,5,5,5,3,2,3,3,5
4,2,4,4,4,2,3,4,4,4,4,3,4,3,2,2,2,4,5,3,3,4,4,4,4,4,4,3,4,4,4,2,4,5,5,4,4
4,4,2,4,4,3,4,2,3,4,4,4,1,2,3,2,4,4,2,2,1,5,5,4,4,3,2,2,4,4,4,3,3,2,3,3,4
3,3,4,5,5,5,3,3,4,4,5,3,5,4,3,3,3,3,5,5,5,5,3,3,5,4,5,5,5,5,5,5,5,5,3,5,5
3,2,2,2,1,3,2,3,3,1,3,2,4,5,5,3,2,2,4,4,3,3,2,2,4,2,2,4,4,4,4,4,5,4,2,2,4
4,4,5,5,5,5,5,4,4,4,4,5,5,4,4,4,5,5,4,4,4,4,4,5,5,5,5,5,4,5,4,5,5,4,4,5,4
2,2,2,2,2,2,3,4,2,2,4,3,2,2,2,4,2,2,2,3,1,2,4,3,4,5,4,4,2,3,4,4,2,4,4,4,5
4,4,4,2,3,2,4,2,4,4,2,4,3,4,2,2,3,2,2,2,1,2,4,2,2,1,1,2,2,3,4,4,4,5,4,4,4
4,3,5,4,3,4,2,4,4,2,3,3,2,2,2,2,1,1,1,1,3,1,2,2,3,4,4,3,4,4,3,5,5,5,2,2,3
4,3,5,4,4,5,3,3,3,3,4,3,4,4,3,4,5,5,5,5,3,5,5,5,5,5,5,5,4,4,4,5,4,5,5,5,5
3,4,2,5,5,3,3,5,3,5,5,5,5,5,5,5,5,4,5,4,5,3,3,5,5,5,4,3,5,5,5,5,5,5,3,4,3
4,4,5,3,3,3,4,5,5,3,4,2,4,3,2,4,5,4,5,5,5,4,5,5,4,5,5,5,5,4,5,5,5,5,3,3,3
3,3,3,3,2,2,2,2,2,2,4,4,2,2,4,1,2,2,1,2,2,3,4,3,2,2,3,2,4,4,3,2,3,2,2,2,3
3,3,3,5,5,5,5,4,5,5,5,4,5,4,5,4,4,5,4,4,5,5,5,3,5,3,5,3,3,5,3,4,4,5,5,5,5
4,3,2,1,2,1,2,3,3,2,2,2,2,2,3,3,4,4,2,3,3,2,2,2,2,3,2,1,4,2,3,3,5,5,2,2,1
1,1,2,2,2,3,2,3,2,4,5,4,1,2,3,2,2,2,4,2,2,4,3,4,2,2,1,2,4,4,2,4,5,5,2,2,3
4,4,4,2,2,2,4,2,2,4,3,4,2,4,2,4,3,5,4,3,3,2,3,1,3,4,2,3,2,2,2,2,2,3,3,2,4
4,2,4,4,4,3,1,2,3,4,5,4,5,5,5,2,4,4,1,2,2,2,2,2,4,3,3,4,3,2,2,2,2,3,3,4,2
2,3,4,3,2,4,1,1,2,3,3,4,2,1,2,4,4,4,4,2,4,3,4,3,1,1,2,1,4,2,2,3,3,4,3,4,4
3,3,3,3,2,2,2,2,3,3,2,4,5,4,4,2,2,2,1,2,2,4,3,2,4,2,2,3,3,4,2,3,2,3,3,3,2
2,4,4,2,1,2,4,2,4,3,2,2,2,4,2,3,2,4,2,2,2,3,4,4,3,4,3,4,2,2,3,2,3,2,1,3,2
4,4,4,1,1,2,3,3,2,4,4,4,2,4,2,2,2,2,2,1,2,2,2,2,4,3,4,4,3,3,4,3,2,4,2,4,2
5,3,5,5,5,5,4,4,3,3,3,5,3,3,5,5,5,5,4,5,5,5,4,5,5,4,5,4,5,5,4,5,3,4,5,3,5
4,3,3,5,4,5,5,5,5,4,4,5,5,5,5,5,5,5,3,5,3,4,3,5,5,5,4,5,5,5,5,3,5,5,2,2,2
3,2,4,4,3,4,4,4,3,3,4,4,4,3,4,2,2,4,2,4,2,4,4,3,4,4,2,4,4,3,4,4,2,2,4,3,2
2,4,2,1,3,2,4,4,3,2,2,2,2,4,4,2,4,2,2,2,2,3,2,2,2,2,2,2,3,2,3,3,2,2,2,2,2
5,5,5,5,5,5,4,5,5,4,5,4,4,5,5,3,5,5,5,5,5,3,5,3,4,4,4,5,5,3,3,3,4,5,3,3,4
3,3,4,5,5,5,4,5,5,5,4,5,4,3,4,5,4,5,4,4,5,3,3,3,3,3,4,3,5,3,4,3,5,5,5,5,5
5,5,5,5,4,3,5,3,5,3,4,3,5,5,4,5,5,5,3,5,3,2,3,3,3,4,5,5,3,3,2,3,3,3,5,5,4
5,5,5,5,4,5,5,5,5,4,3,4,5,5,4,3,3,4,5,5,4,5,5,5,4,5,5,3,4,3,2,3,4,2,4,5,5
4,4,3,2,3,2,4,3,2,3,4,4,4,4,3,2,2,2,4,3,4,2,4,3,4,4,2,4,2,2,1,2,3,4,4,4,2
3,2,4,2,2,2,3,2,2,4,4,3,2,2,4,1,2,2,3,2,2,2,1,2,4,2,3,4,3,2,3,4,3,4,4,4,4
3,4,5,3,3,4,4,5,3,3,2,3,4,5,5,4,4,5,3,4,4,4,3,5,5,3,3,4,5,4,5,5,4,5,3,3,3
4,3,4,2,4,4,1,2,3,2,2,1,3,1,2,4,2,3,3,2,4,4,4,3,4,4,3,3,4,2,4,4,2,4,2,3,2
2,3,2,1,2,2,3,3,2,3,4,4,4,2,2,2,1,2,2,2,1,1,2,2,4,4,4,4,4,2,4,4,5,5,4,2,4
2,2,3,2,2,2,4,4,4,3,4,4,2,3,2,2,2,2,2,3,4,2,3,2,3,4,4,4,2,2,4,4,3,4,5,3,4
5,3,3,2,3,3,5,4,5,3,5,4,5,5,5,4,4,3,2,3,3,3,5,5,4,5,4,5,4,4,3,3,5,5,3,5,5
2,3,2,2,2,2,2,2,3,3,2,4,3,1,1,4,4,4,2,3,4,2,2,2,3,2,3,3,2,4,2,3,5,4,2,4,4
3,3,2,4,3,3,3,4,5,5,5,5,5,5,5,3,3,5,3,4,3,5,5,5,4,3,3,3,3,2,3,2,4,5,4,3,5
4,2,4,2,2,2,2,2,2,4,3,3,1,2,2,4,2,2,5,3,5,2,1,2,4,5,4,5,2,2,2,3,2,2,2,2,3
3,2,2,4,4,3,2,4,2,2,2,2,5,4,4,2,3,2,4,3,3,4,4,4,1,2,2,2,4,4,4,3,3,2,3,4,4
5,4,4,5,4,4,5,4,4,4,4,5,4,4,4,5,5,4,4,5,4,4,5,5,5,5,5,4,5,5,4,4,5,5,4,4,4
2,3,1,4,3,3,2,3,4,4,4,3,1,2,2,2,4,2,3,1,1,2,2,2,4,4,4,3,5,5,4,4,2,2,2,2,2
3,3,3,3,3,4,3,1,1,4,4,3,2,2,3,2,2,4,4,4,4,3,4,4,4,3,2,4,4,3,2,3,2,3,4,5,3
4,5,4,5,4,4,5,5,5,3,4,4,5,3,5,3,4,3,4,5,5,3,5,4,5,5,5,5,5,5,5,5,5,5,3,3,5
4,4,4,2,3,3,4,4,4,3,2,2,2,4,2,1,2,3,4,4,4,3,3,3,3,1,1,2,4,4,4,2,2,2,2,2,2
4,3,4,3,4,2,4,4,5,4,4,3,4,2,2,2,4,2,3,2,2,2,4,2,2,4,2,4,5,4,5,4,4,3,3,3,4
4,4,4,3,3,4,3,3,4,2,2,2,4,4,2,4,4,2,4,5,4,3,4,4,2,3,2,3,2,2,2,4,5,5,2,3,1
4,4,3,1,2,2,2,4,2,2,2,2,5,4,4,2,3,1,4,4,2,3,3,2,2,2,2,2,4,4,4,4,3,4,1,1,1
4,2,2,2,2,1,3,4,3,4,4,3,2,3,4,4,3,2,3,2,3,2,2,2,1,2,2,3,2,2,3,3,4,4,5,5,4
1,3,2,2,4,4,2,2,2,1,3,2,2,3,2,1,3,3,2,4,3,2,2,3,4,2,4,2,2,4,2,3,2,2,2,2,3
2,2,2,5,5,3,2,3,1,5,4,4,4,3,4,3,3,4,2,1,2,4,3,4,4,3,2,3,4,3,4,4,4,4,5,3,4
2,2,2,2,2,2,4,4,2,3,4,4,2,4,4,2,4,2,2,4,4,5,3,4,2,2,2,1,4,2,2,3,5,5,3,4,2
2,3,2,3,4,2,3,4,3,2,2,1,2,2,2,3,1,1,3,3,4,2,4,2,4,4,4,4,2,3,2,2,2,2,4,3,4
4,3,4,2,4,4,4,3,4,4,3,4,5,4,4,2,3,3,2,4,3,2,2,3,2,2,3,3,4,2,4,2,2,2,4,4,2
5,5,5,5,5,4,3,3,5,5,3,4,5,5,5,3,3,5,4,5,5,3,2,2,5,4,5,5,5,3,5,3,4,4,5,5,4
4,2,3,4,3,4,2,2,1,3,2,4,5,4,4,3,5,3,1,1,2,4,3,4,4,2,3,3,2,2,2,3,4,5,1,3,2
5,5,5,5,5,5,5,5,5,3,3,4,5,5,5,4,4,5,5,5,5,5,5,5,4,2,2,3,5,5,3,5,5,5,5,5,5
3,2,4,3,2,2,5,4,3,2,4,4,2,4,4,4,2,2,3,4,3,3,4,5,4,5,4,5,4,2,2,4,3,2,2,2,4
3,3,3,2,2,2,2,2,2,4,4,4,3,4,3,4,4,2,5,4,3,4,3,3,3,2,2,3,4,4,4,3,2,2,4,4,5
5,4,5,2,2,1,2,3,3,2,2,2,3,2,3,4,4,4,2,2,3,2,4,4,2,2,4,2,3,3,2,2,5,5,2,2,4
3,3,3,5,5,5,4,5,5,5,4,5,5,5,5,3,3,5,4,4,5,5,4,3,5,5,5,5,5,4,4,5,3,3,5,4,3
4,3,4,3,5,5,3,4,5,4,4,5,3,3,3,5,5,5,5,5,4,3,3,4,5,5,5,5,4,5,5,3,4,5,5,5,5
4,4,4,4,4,4,2,2,2,4,2,2,4,3,2,2,3,2,2,4,3,2,3,2,2,2,3,2,2,2,2,2,4,2,5,5,4
2,2,1,2,2,2,2,2,1,3,2,3,5,4,4,2,2,4,2,2,2,3,2,2,3,4,4,4,3,2,4,2,3,2,3,2,2
3,3,3,5,5,5,3,4,5,5,4,5,5,3,5,5,5,5,3,3,3,4,3,3,5,5,5,5,5,4,5,3,4,4,3,3,3
3,4,4,4,2,3,3,3,4,2,4,4,5,3,5,2,2,3,4,2,3,4,4,4,1,3,3,1,5,3,4,3,2,2,4,4,4
5,3,5,3,4,2,2,3,2,4,4,4,2,4,4,4,4,5,5,4,4,2,2,3,1,2,1,2,2,2,3,2,3,5,3,2,1
4,4,4,2,2,2,4,4,3,4,4,3,4,2,3,4,5,5,3,4,3,3,3,4,2,2,2,2,4,2,2,4,3,2,2,4,3
2,2,4,4,2,4,4,5,3,2,3,2,3,3,2,2,2,2,3,4,3,2,3,2,2,4,2,3,3,4,4,4,2,4,2,2,3
4,3,4,3,2,2,2,3,4,4,3,4,4,4,3,3,5,5,4,2,2,3,2,3,3,4,4,4,3,2,2,2,2,2,3,4,3
2,1,2,3,2,4,3,1,2,3,2,2,2,1,1,4,2,4,2,2,1,4,4,3,5,3,4,4,4,5,4,4,5,5,2,1,2
3,3,4,3,3,3,4,3,5,5,5,4,5,5,3,5,5,3,5,5,3,3,3,5,4,5,5,5,3,3,3,5,5,5,5,5,5
3,2,4,4,4,3,2,2,1,3,1,2,3,4,3,3,2,2,3,3,4,2,3,1,2,2,3,1,2,3,2,4,2,2,1,2,2
4,2,2,4,4,5,2,4,4,4,3,4,3,4,4,3,2,2,3,4,5,2,3,2,2,1,2,2,2,2,3,1,2,2,3,4,4
5,5,4,3,4,4,5,3,4,2,2,2,5,3,4,5,5,4,5,3,5,3,5,5,4,5,3,3,4,5,5,4,4,5,5,5,5
4,3,4,2,4,4,3,4,3,4,4,4,2,4,4,2,3,4,2,3,4,2,2,3,2,2,4,4,2,4,2,2,2,3,4,5,4
4,2,4,3,2,4,4,3,4,1,2,2,3,2,2,2,3,2,3,2,3,4,4,3,3,3,4,3,4,3,4,5,5,4,2,2,2
4,5,5,4,3,5,4,4,5,3,4,3,4,5,3,3,4,3,5,4,5,3,3,3,5,5,5,3,3,2,2,3,5,5,4,5,5
4,3,2,3,3,4,5,5,5,4,3,3,3,3,3,5,5,5,3,3,5,4,5,5,5,4,5,5,4,5,5,3,5,5,4,5,5
3,4,3,5,3,4,5,5,5,5,5,5,5,4,3,2,2,3,3,5,4,5,3,5,4,4,5,5,5,3,3,5,3,3,3,3,3
3,2,3,4,3,2,4,4,4,4,4,4,4,2,3,3,5,5,2,4,2,4,2,3,3,4,4,4,4,4,4,4,4,3,1,1,1
3,2,2,1,2,2,4,2,3,2,2,1,3,4,3,2,2,2,3,3,4,3,1,2,1,2,1,2,1,1,3,1,2,2,4,5,3
3,2,2,2,2,3,3,3,3,3,2,4,5,4,4,2,3,2,3,2,4,5,3,5,1,2,2,2,3,4,2,2,2,4,3,2,4
2,2,2,2,2,4,2,2,2,2,4,2,3,2,4,2,2,3,3,4,2,2,3,2,1,2,1,2,3,2,2,1,2,2,3,2,3
2,2,2,4,4,3,3,4,4,2,2,2,2,2,2,4,3,4,2,2,4,4,2,4,3,3,4,4,4,4,2,4,2,2,2,2,2
4,5,5,5,4,4,2,2,3,2,2,2,2,2,2,3,4,2,4,4,4,2,1,2,3,4,4,3,2,2,4,4,4,4,4,4,4
3,2,2,3,3,3,4,4,3,2,3,3,5,3,5,4,5,5,5,5,5,5,5,3,4,3,3,3,4,3,3,4,4,5,5,5,4
4,4,2,3,2,3,3,2,2,2,4,4,2,3,2,4,3,3,4,4,5,5,4,4,2,2,3,2,3,3,3,3,3,3,4,4,3
5,4,5,4,4,5,4,5,5,4,5,4,5,4,4,5,5,5,5,5,4,4,5,4,4,4,5,5,5,5,5,5,5,5,5,4,5
4,5,5,3,3,5,5,5,5,5,5,4,5,5,5,3,3,3,5,5,5,5,5,3,5,5,5,5,5,5,3,3,3,3,5,5,5
2,2,3,4,4,3,4,2,2,2,2,2,3,1,1,4,2,2,3,1,3,3,3,4,4,4,4,5,2,1,2,2,2,2,2,2,1
2,1,3,4,3,2,4,3,4,3,4,4,3,4,3,4,3,4,4,5,3,4,3,2,4,4,4,2,2,2,2,4,4,4,4,4,5
3,3,3,2,2,3,5,5,5,4,5,5,5,4,3,5,5,5,5,4,5,3,4,5,3,3,3,5,3,5,3,3,5,4,5,5,5
1,2,2,2,1,2,4,4,5,3,1,2,5,3,4,5,4,5,4,5,5,2,1,1,4,4,2,2,2,4,4,2,2,2,2,4,4
3,2,1,4,4,5,3,3,2,4,4,2,2,3,2,3,3,2,4,4,3,4,5,3,2,2,2,2,4,3,5,5,1,1,4,3,4
4,4,5,3,4,5,2,3,3,4,3,4,2,3,3,3,1,2,2,2,4,3,3,2,1,1,2,2,2,3,2,2,3,3,3,2,2
5,3,3,2,3,3,3,4,3,5,5,5,5,5,5,5,3,5,3,5,3,4,5,4,3,2,3,3,4,5,5,4,5,5,4,3,3
4,4,3,2,3,1,4,3,4,4,5,4,2,2,3,4,4,4,2,2,2,4,4,4,5,4,5,4,3,2,4,4,3,1,2,4,3
2,2,1,3,4,4,2,2,4,4,2,4,2,2,2,2,2,2,3,2,2,4,4,4,2,2,2,2,2,2,2,4,3,2,2,2,2
3,4,4,5,5,5,5,4,4,5,5,5,5,4,5,5,5,4,5,5,5,5,5,5,5,5,5,5,3,4,4,4,5,4,5,5,5
3,3,2,5,5,5,4,5,5,3,5,3,5,4,3,4,5,4,4,5,5,4,3,3,5,3,5,5,5,5,5,4,5,5,5,3,3
4,4,2,4,2,4,2,2,4,4,3,2,1,2,3,4,4,4,3,3,2,3,4,4,4,4,3,4,5,5,4,4,4,2,3,4,5
1,1,2,3,2,3,3,3,4,2,4,2,4,2,4,3,2,2,2,1,2,2,2,3,4,4,2,2,3,3,4,4,4,4,5,4,5
4,3,4,2,2,2,5,4,4,4,2,2,1,2,2,4,2,4,3,4,4,2,3,4,2,4,3,4,2,3,4,4,2,4,3,3,2
5,4,5,5,5,5,5,5,5,4,4,5,5,5,4,5,5,5,5,4,5,5,5,5,3,5,3,5,4,5,5,5,5,5,4,5,5
2,3,2,2,2,4,4,5,5,3,4,3,5,4,3,4,2,3,1,3,2,2,3,2,3,2,2,1,2,4,2,3,3,2,4,2,4
4,4,4,4,3,4,2,1,2,3,2,2,2,4,3,2,2,2,4,3,4,2,2,4,3,5,5,4,4,4,4,4,3,1,2,1,2
3,3,2,3,2,2,4,4,5,5,4,3,4,2,3,4,5,5,3,3,5,5,4,5,5,4,5,5,5,3,4,5,5,5,3,3,3
4,3,2,2,3,2,4,4,5,2,4,4,2,2,4,2,2,2,5,4,4,4,4,3,1,2,2,2,2,2,1,2,4,4,4,2,4
2,3,4,2,2,2,4,3,4,2,2,2,5,4,4,1,2,2,1,2,2,4,3,4,4,4,2,4,3,4,2,4,1,1,2,2,2
4,4,4,2,4,2,4,2,2,2,2,4,4,2,2,2,4,4,2,2,2,4,2,2,2,2,4,2,1,3,2,2,4,4,2,3,2
2,1,2,3,2,2,3,4,2,4,2,4,1,3,2,1,2,3,1,2,2,5,4,4,4,4,2,2,2,1,2,1,2,2,4,4,4
4,2,4,2,4,4,2,2,2,2,2,1,2,2,1,2,2,2,2,3,2,1,2,2,2,2,4,2,4,2,4,3,4,4,4,2,4
1,2,2,4,3,4,5,3,4,4,3,3,1,2,1,2,4,2,2,2,3,4,4,4,3,2,3,2,3,4,4,5,5,5,3,2,4
5,5,5,5,4,4,5,5,5,5,4,5,5,5,5,5,5,5,5,4,5,5,4,4,4,5,4,5,4,4,5,4,5,5,4,5,4
5,3,3,3,4,5,3,4,3,5,5,4,3,3,4,4,5,5,5,5,5,5,5,5,3,3,3,2,5,5,3,5,3,5,5,4,5
5,4,5,4,4,5,5,5,5,4,5,5,5,5,4,5,5,5,5,4,5,5,5,4,4,5,5,5,5,5,5,5,5,5,4,5,5
1,3,1,3,3,2,2,3,4,2,2,2,2,4,3,3,3,3,4,5,4,4,4,3,4,2,2,2,2,4,3,4,4,2,2,2,2
3,3,2,2,2,3,3,4,4,2,2,3,5,3,3,4,4,2,4,5,3,2,4,4,4,5,3,3,2,1,3,2,2,2,2,4,3
3,4,4,2,3,2,4,2,4,3,4,2,5,3,4,3,2,3,2,2,1,3,4,3,2,2,2,2,4,4,4,2,4,2,2,2,3
4,2,2,2,4,2,2,1,2,2,2,3,2,2,3,2,2,2,4,2,4,2,2,4,2,4,2,3,4,4,2,4,4,4,2,1,1
2,4,2,2,3,3,4,2,2,4,4,4,4,4,2,3,2,4,2,2,4,1,2,1,2,2,3,1,2,2,2,2,3,2,2,4,2
2,2,2,3,2,4,1,2,2,2,2,2,5,4,5,4,5,4,2,3,2,4,2,4,4,4,4,2,5,5,4,4,2,2,3,2,4
