index,totalseconds,totalvalue,Industry,Nature,Year,EmployeesNum,Income,Area,SL11,SL12,SL13,SL21,SL22,SL23,KMC11,KMC12,KMC13,KMC21,KMC22,KMC23,KMC31,KMC32,KMC33,OLC11,OLC12,OLC13,OLC21,OLC22,OLC23,OLC31,OLC32,OLC33,TIC11,TIC12,TIC13,TIC14,TIC21,TIC22,TIC23,Awards1,Awards2,Awards3,Awards4,Awards5,Awards6,Awards7,TIC31,TIC32,TIC33,MCI1,MCI2,MCI3,StrategicFocus1,StrategicFocus2,StrategicFocus3,StrategicFocus4,StrategicFocus5,sugestion
1,161,108,5,1,2,1,2,2,4,4,4,4,4,3,3,3,4,3,4,3,3,3,4,3,3,4,3,4,2,4,4,4,4,3,3,3,4,3,4,0,0,1,0,1,0,0,4,3,2,3,4,4,0,1,0,0,0,(空)
2,177,79,1,1,5,3,3,2,3,4,4,4,5,5,3,2,2,3,2,1,2,1,2,3,1,2,2,3,4,2,1,2,4,2,4,4,2,2,2,0,0,1,0,1,0,0,3,3,2,4,2,2,1,1,0,1,0,(空)
3,173,135,2,3,5,3,3,3,5,5,4,5,5,5,4,5,5,5,4,5,5,4,5,5,5,5,4,5,5,4,4,3,5,4,5,5,2,3,3,0,1,0,1,0,0,0,2,4,2,5,4,5,0,1,0,0,0,(空)
4,185,80,2,1,3,2,2,3,4,4,4,2,2,2,1,1,3,3,4,4,2,3,2,2,1,2,2,2,2,2,2,2,2,4,2,2,2,2,2,0,0,0,1,0,0,0,2,4,3,5,4,4,0,1,1,0,0,(空)
5,165,126,3,1,4,4,3,2,5,5,5,4,4,4,4,4,3,4,4,4,4,5,5,5,5,4,5,4,5,4,5,4,5,4,4,3,5,5,4,0,0,1,0,0,0,0,3,4,5,5,3,4,0,1,1,1,0,(空)
6,190,79,3,2,5,3,3,1,3,3,4,4,3,2,2,2,2,2,2,3,2,2,2,1,1,2,3,2,2,4,2,3,4,2,3,2,5,5,4,0,0,1,0,0,0,0,3,5,5,4,4,4,0,0,1,1,0,(空)
7,163,133,2,2,4,4,2,2,5,5,5,5,4,4,5,5,4,5,4,5,5,5,5,5,5,5,4,4,4,4,4,5,3,3,3,4,5,4,5,0,0,1,0,0,0,0,5,5,4,5,5,4,0,1,1,0,0,(空)
8,183,125,1,1,4,2,2,2,5,5,5,5,5,5,4,5,5,3,3,4,5,4,5,5,5,5,5,5,4,4,5,4,4,5,5,5,5,5,5,0,0,0,0,1,0,0,5,5,5,4,3,3,0,1,1,1,0,(空)
9,170,134,1,1,2,3,1,3,5,4,5,4,4,4,4,5,4,5,4,5,5,4,5,4,5,5,4,4,5,4,4,4,3,5,4,5,3,3,2,0,0,0,1,1,0,0,4,4,5,5,5,5,0,0,1,1,0,(空)
10,181,97,6,2,5,2,4,2,4,4,4,4,2,3,2,3,4,3,3,4,4,2,2,2,2,2,4,4,4,2,2,3,2,1,2,1,5,4,4,0,0,0,1,0,0,0,4,2,3,4,5,4,1,0,0,0,0,(空)
11,158,103,6,2,2,2,2,2,4,4,4,3,4,4,4,4,4,3,3,3,4,3,4,4,3,3,3,4,4,3,3,3,2,2,4,3,2,4,2,0,0,0,1,0,0,0,2,2,3,2,2,3,0,0,1,0,0,(空)
12,171,135,4,3,4,3,4,2,3,5,3,5,5,5,5,5,5,5,3,5,5,5,5,4,5,5,3,3,3,5,5,5,3,4,2,3,3,3,4,0,1,0,1,0,0,0,5,5,5,5,3,5,0,0,0,1,0,(空)
13,175,128,5,1,2,1,1,2,4,4,4,5,5,4,5,4,4,3,4,4,5,4,4,4,5,4,4,4,4,4,4,4,5,5,5,5,3,3,2,0,0,0,1,1,0,0,3,5,5,5,5,5,1,1,0,0,0,(空)
14,175,111,7,2,1,1,1,2,4,3,3,3,4,3,4,4,5,5,5,5,3,3,5,3,3,3,3,3,5,5,5,5,5,5,5,4,5,5,4,0,1,0,0,0,0,0,5,2,2,4,4,3,1,1,0,1,0,(空)
15,175,107,3,1,3,3,4,2,3,4,4,4,3,4,5,4,4,4,4,5,3,4,4,3,3,4,4,4,4,4,4,4,3,2,2,4,2,2,1,0,0,0,1,1,0,0,2,3,4,2,1,2,1,0,0,0,0,(空)
16,192,134,3,2,3,2,3,3,5,5,4,4,5,4,5,4,5,5,4,4,5,5,4,4,4,5,5,4,4,5,4,5,4,4,4,4,5,4,4,0,0,1,1,0,0,0,5,5,5,4,4,5,1,1,0,0,0,(空)
17,184,106,3,3,3,2,4,4,3,3,3,3,3,2,3,4,3,4,4,4,5,5,4,4,5,4,2,2,3,3,3,3,2,2,3,3,3,2,4,0,0,0,0,1,0,0,2,3,4,3,4,4,0,1,0,1,0,(空)
18,194,86,7,1,4,2,2,4,3,2,2,2,2,3,4,5,4,4,4,2,3,4,3,2,3,2,2,2,2,2,2,2,3,2,4,4,3,2,2,0,1,0,0,0,0,0,2,1,2,4,3,4,1,0,0,0,0,(空)
19,180,97,1,4,4,4,2,1,4,4,4,4,4,4,4,4,4,3,3,2,4,4,3,4,3,4,2,2,3,3,4,4,2,4,2,2,1,2,2,0,0,0,1,0,0,0,2,2,2,2,2,2,0,1,1,0,0,(空)
20,183,97,8,4,4,3,2,5,2,4,2,4,3,4,4,4,4,5,4,4,2,1,2,3,2,2,2,1,2,4,4,3,2,4,4,2,4,4,2,1,0,0,0,1,0,0,3,2,2,5,4,4,1,1,0,0,0,(空)
21,171,138,8,2,1,2,1,4,4,5,4,4,4,4,4,5,5,5,5,4,5,5,4,4,5,5,5,4,4,4,5,5,5,4,5,4,4,4,4,0,0,0,1,1,0,0,5,5,4,5,5,4,1,1,0,0,0,(空)
22,181,119,4,1,2,1,3,1,4,4,3,5,5,4,5,5,5,2,4,3,5,4,4,4,5,3,5,5,5,5,3,4,3,3,5,4,5,5,5,0,1,0,1,0,0,0,4,5,5,5,5,3,1,1,0,0,0,(空)
23,169,134,5,2,4,4,3,2,4,4,5,4,4,4,4,5,4,4,5,4,5,4,5,5,5,5,5,4,5,4,4,4,3,5,3,3,3,4,2,0,0,0,1,0,0,0,4,5,4,5,5,5,0,0,0,1,0,(空)
24,168,97,2,1,3,2,4,1,3,3,4,4,4,4,4,4,4,3,3,2,2,2,3,4,4,4,4,4,4,3,3,3,3,2,4,3,2,1,3,0,0,1,0,0,0,0,1,3,3,1,2,3,1,1,0,0,0,(空)
25,187,110,1,1,2,2,2,3,5,5,5,3,4,4,3,3,3,3,3,3,5,5,5,5,3,3,5,5,4,3,3,2,3,3,3,5,5,5,5,0,0,1,0,1,0,0,5,5,5,5,4,4,0,1,1,1,0,(空)
26,173,108,2,2,4,3,2,2,4,4,4,4,3,4,3,4,4,4,4,4,4,3,4,2,3,4,4,3,4,4,4,3,2,2,2,4,2,3,2,0,1,0,0,1,0,0,4,2,3,3,4,3,0,1,0,1,0,(空)
27,187,104,5,2,3,4,2,2,3,3,4,3,3,5,5,4,3,2,2,3,3,5,3,5,5,5,3,5,5,4,3,4,5,5,5,4,5,5,5,0,0,0,0,1,0,0,5,3,4,3,4,3,0,1,0,1,0,(空)
28,177,110,7,1,2,3,2,2,4,5,4,3,2,3,3,4,3,4,4,3,4,3,4,4,4,4,4,4,4,4,3,4,4,2,2,4,2,2,4,0,0,0,1,1,0,0,4,2,4,4,3,3,0,1,1,1,0,(空)
29,179,119,5,1,3,4,3,3,3,3,4,3,5,3,5,4,5,5,5,5,3,3,4,5,4,5,3,3,3,5,4,5,5,4,5,5,2,4,2,0,0,0,0,1,0,0,2,5,5,2,4,3,0,0,0,1,0,(空)
30,154,108,2,1,2,2,1,4,4,4,4,4,3,4,3,2,2,4,4,4,5,4,5,4,4,4,3,3,4,4,4,4,2,2,2,1,5,4,4,1,0,1,0,0,0,0,3,5,5,1,2,2,1,1,0,1,0,(空)
31,180,134,7,2,1,1,1,3,4,5,4,4,4,5,5,4,4,4,5,4,5,4,5,4,4,5,4,5,4,4,4,5,5,4,5,4,4,4,4,0,0,0,1,1,0,0,4,5,5,4,4,4,1,1,0,1,0,(空)
32,171,100,1,2,2,1,1,4,2,2,4,4,4,4,3,3,2,4,4,3,5,4,4,3,3,4,3,4,4,4,2,2,2,2,4,2,3,4,4,0,0,0,1,0,0,0,4,3,2,2,2,2,0,0,1,0,0,(空)
33,190,127,6,2,3,2,2,1,3,3,3,3,5,5,3,4,5,4,3,3,5,5,5,3,3,3,4,5,5,5,5,5,5,5,5,5,3,4,3,0,1,1,0,0,0,0,3,5,5,5,5,5,1,1,1,0,0,(空)
34,164,116,1,4,5,2,3,1,3,4,3,3,4,4,4,4,4,4,4,4,5,4,4,4,4,3,4,3,3,4,4,4,4,2,4,4,3,4,3,0,0,0,1,0,0,0,4,5,5,4,4,2,1,0,0,0,0,(空)
35,181,84,3,1,3,3,3,2,2,2,1,2,2,4,1,2,3,2,2,2,5,4,4,2,3,3,3,4,4,1,3,3,2,4,4,3,4,2,4,0,0,0,1,1,0,0,3,5,5,2,2,1,1,0,1,0,0,(空)
36,169,132,1,2,5,3,3,1,5,5,5,3,4,4,4,3,3,5,5,5,5,5,5,5,4,5,5,5,4,5,4,4,5,5,4,5,3,3,5,0,0,1,0,0,0,0,5,4,5,5,5,4,1,1,0,0,0,(空)
37,182,79,2,1,3,3,3,3,3,2,2,2,2,2,4,4,2,4,4,4,3,2,2,2,3,4,1,2,1,1,2,1,4,4,5,4,4,4,2,0,0,0,1,1,0,0,4,2,3,3,2,2,0,1,1,1,0,(空)
38,160,134,7,1,2,2,1,2,4,5,5,4,4,4,4,3,4,4,4,4,5,5,4,5,5,5,4,4,5,5,5,5,4,4,5,5,4,4,4,0,0,0,1,0,0,0,3,5,5,4,4,3,1,1,0,0,0,(空)
39,182,96,7,2,3,4,3,1,2,4,4,4,4,4,3,4,3,2,2,2,2,3,3,1,1,3,4,4,4,4,3,2,4,4,4,3,4,4,4,0,0,0,1,0,0,0,4,2,2,2,4,4,1,1,0,1,0,(空)
40,163,132,4,1,3,3,3,3,3,4,4,5,5,5,4,5,5,4,4,4,5,4,5,5,5,5,5,5,5,4,5,5,5,5,5,4,3,5,3,0,0,1,1,0,0,0,3,3,3,4,4,5,1,0,0,0,0,(空)
41,156,106,3,4,3,3,4,3,3,2,2,4,4,4,3,4,4,4,3,3,3,3,3,4,4,4,3,2,3,4,4,4,2,3,3,2,4,2,3,0,0,0,0,1,0,0,2,5,4,4,4,4,0,1,0,0,0,(空)
42,190,118,4,1,3,4,2,2,5,5,4,4,5,4,3,4,5,3,4,3,5,5,4,5,3,5,3,3,3,5,5,5,3,3,5,4,5,5,5,0,0,0,1,1,0,0,5,5,5,4,5,4,1,0,1,0,0,(空)
43,162,130,1,2,4,4,2,2,5,5,5,5,5,5,5,4,4,4,4,5,4,5,5,5,5,5,4,5,5,3,4,4,2,2,2,4,5,3,5,0,0,1,1,0,0,0,4,4,3,5,5,4,1,1,0,1,0,(空)
44,178,127,7,1,3,4,3,1,4,5,5,5,5,5,5,5,5,3,3,3,5,5,5,4,3,4,2,3,4,5,4,5,3,4,5,5,4,4,2,0,0,0,0,1,0,0,3,3,3,3,4,5,0,1,1,0,0,(空)
45,168,97,8,1,4,2,3,5,3,3,3,3,3,3,3,3,3,3,3,3,3,2,3,4,4,4,4,4,4,4,4,4,4,4,2,3,3,2,2,0,0,0,1,1,0,0,2,2,2,4,2,2,0,1,1,1,0,(空)
46,170,84,2,1,4,2,4,1,2,3,4,2,3,2,4,4,4,4,4,4,4,4,3,2,2,2,2,2,1,2,2,2,3,2,4,4,2,3,2,0,0,0,0,1,0,0,2,4,3,2,2,2,1,0,1,1,0,(空)
47,174,135,6,1,3,3,4,1,4,5,5,5,5,5,4,3,4,5,5,5,5,4,5,4,5,4,5,5,5,4,5,4,3,3,3,3,5,4,4,0,1,0,0,1,0,0,5,4,5,5,3,4,1,0,1,0,0,(空)
48,179,78,2,4,3,2,2,7,2,4,2,4,4,3,4,4,4,3,2,2,2,1,1,2,3,1,2,3,2,1,2,1,2,4,2,2,5,3,4,0,0,1,1,0,0,0,4,3,2,4,2,4,0,1,1,1,0,(空)
49,169,116,4,2,4,3,2,1,3,3,4,4,4,4,4,4,4,3,3,4,5,4,4,3,4,4,4,4,4,4,4,3,4,2,3,2,2,4,3,0,0,0,0,1,0,0,3,5,5,4,4,3,1,1,0,1,0,(空)
50,179,86,2,1,2,2,1,2,3,4,3,4,5,4,2,4,2,2,2,3,2,2,1,2,2,2,2,4,4,2,2,2,2,2,3,3,2,3,3,0,0,0,1,1,0,0,2,3,2,4,4,3,0,1,0,0,0,(空)
51,168,106,5,4,2,2,1,2,4,4,4,3,3,4,4,4,4,4,3,3,4,3,3,4,3,3,4,4,4,2,3,3,3,3,4,3,2,2,2,0,0,1,0,0,0,0,2,3,4,4,4,4,0,0,1,0,0,(空)
52,179,80,3,1,5,3,3,1,3,3,2,2,2,2,2,2,2,3,2,3,2,3,3,2,3,2,1,3,2,2,2,3,4,3,2,2,3,4,4,0,0,0,1,0,0,0,2,2,1,5,4,3,1,0,1,0,0,(空)
53,157,111,5,1,3,3,3,6,3,4,3,4,4,4,4,4,4,4,3,4,4,3,3,4,4,4,4,4,4,3,3,4,3,4,4,2,2,4,2,0,0,1,1,0,0,0,2,2,4,4,4,2,1,1,1,0,0,(空)
54,180,105,3,1,5,2,4,1,3,4,2,3,4,4,4,3,2,4,4,4,4,3,4,5,3,3,4,2,4,4,3,4,2,2,2,4,2,3,2,0,0,1,0,0,0,0,2,2,2,4,5,3,1,1,0,1,0,(空)
55,163,121,1,4,3,2,2,3,4,4,4,4,4,4,5,5,5,4,4,4,4,3,4,5,4,5,5,5,4,4,4,4,4,4,5,5,5,4,5,0,0,0,1,1,0,0,5,3,3,5,4,3,1,0,0,1,0,(空)
56,189,92,2,1,4,3,4,5,2,1,2,2,4,3,2,2,4,2,2,2,2,2,4,4,3,4,2,2,2,3,4,4,2,3,2,2,3,4,4,0,0,0,1,1,0,0,2,2,4,4,4,5,1,1,1,0,0,(空)
57,161,127,2,1,2,3,2,2,4,4,4,4,4,4,4,4,4,5,5,5,5,4,4,5,5,4,4,5,5,4,5,4,5,4,5,5,5,4,5,0,0,1,0,1,0,0,4,4,5,4,4,5,0,1,0,0,0,(空)
58,176,129,2,1,1,1,2,5,5,5,4,5,4,4,5,3,3,3,3,3,5,3,3,5,5,5,5,5,3,5,5,5,5,5,3,5,3,3,3,0,0,0,1,0,0,0,3,5,5,5,5,4,1,1,1,0,0,(空)
59,181,108,2,2,3,3,4,1,5,4,4,5,4,5,3,3,3,3,3,4,3,3,3,4,4,2,3,2,4,5,4,4,2,2,3,2,1,3,2,0,0,0,0,1,0,0,3,5,5,2,4,4,1,1,0,0,0,(空)
60,177,100,2,4,3,2,4,2,4,5,4,2,4,4,4,4,4,2,4,4,2,3,4,4,2,3,2,2,2,3,4,4,2,4,2,2,3,4,4,0,0,1,1,0,0,0,3,4,3,2,2,2,1,1,1,0,0,(空)
61,166,102,6,4,2,2,2,1,4,2,2,3,3,3,4,5,5,4,4,4,3,3,4,3,4,4,3,2,3,3,3,4,4,4,4,3,2,2,2,0,0,0,0,1,0,0,2,5,4,4,4,2,1,1,1,0,0,(空)
62,176,83,3,2,2,2,2,3,2,2,2,3,2,3,3,4,4,1,2,1,3,4,4,2,1,1,2,4,3,4,3,4,2,1,2,2,3,4,2,0,0,1,1,0,0,0,2,3,2,4,2,2,0,0,1,0,0,(空)
63,157,108,3,3,4,3,3,6,4,2,4,4,4,4,3,3,4,5,4,4,5,4,4,5,4,4,3,4,3,3,4,4,2,2,2,2,1,1,2,1,0,0,0,1,0,0,1,2,2,4,4,2,0,0,1,0,0,(空)
64,190,78,2,2,4,3,3,5,4,4,3,2,2,1,4,2,3,1,3,1,2,2,1,3,4,4,3,2,2,2,2,2,5,3,3,4,4,2,2,0,0,0,0,1,0,0,2,3,1,4,3,3,0,1,0,1,0,(空)
65,179,110,5,2,3,2,3,3,3,4,3,3,3,4,3,4,4,3,3,4,5,4,5,3,4,2,5,4,4,4,5,4,2,1,1,1,3,3,4,0,1,0,0,1,0,0,3,2,2,4,2,2,1,1,0,1,0,(空)
66,178,95,1,3,4,4,4,6,2,4,4,4,4,2,4,4,5,4,4,4,2,2,4,5,4,5,1,3,2,2,2,2,2,3,1,2,2,2,3,0,1,0,1,0,0,0,3,4,3,2,2,2,1,1,1,0,0,(空)
67,158,110,1,2,1,2,1,4,4,3,3,4,3,3,4,3,4,5,5,5,5,5,4,3,4,3,5,4,4,4,3,4,3,3,2,4,2,2,3,0,1,0,0,0,0,0,4,4,3,2,2,2,0,1,0,0,0,(空)
68,187,104,2,1,1,2,1,1,5,5,3,5,3,5,3,5,5,3,3,5,5,3,3,2,2,4,5,3,5,3,4,3,3,5,3,5,5,5,5,0,0,0,1,1,0,0,5,3,3,3,3,3,0,0,1,0,0,(空)
69,156,113,3,1,4,3,3,3,4,4,4,3,3,4,4,4,5,4,4,4,4,4,3,4,4,3,4,4,4,3,4,3,2,4,2,2,2,4,3,1,0,0,0,0,0,0,4,3,3,4,2,4,0,1,1,0,0,(空)
70,156,100,6,2,5,2,3,2,4,4,3,4,4,4,3,3,3,3,3,2,5,4,4,3,3,3,3,3,4,4,3,4,3,3,4,5,2,2,1,0,0,0,1,1,0,0,3,2,2,3,3,4,0,1,0,1,0,(空)
71,174,126,8,3,2,1,1,5,4,5,4,5,5,4,4,4,4,5,5,5,5,5,4,5,5,4,4,4,4,5,4,5,4,4,4,5,5,5,5,0,0,0,1,1,0,0,4,5,5,4,5,4,1,1,1,0,0,(空)
72,173,104,8,1,4,3,3,2,4,3,3,3,3,4,4,4,4,3,3,4,3,4,3,3,4,3,4,4,4,4,4,4,3,2,3,2,2,1,3,0,0,0,1,0,0,0,2,3,2,2,4,4,1,1,0,0,0,(空)
73,181,94,8,3,5,3,3,1,3,3,4,3,3,3,2,2,3,4,2,3,2,4,4,2,3,2,4,4,4,4,4,2,4,2,2,4,2,4,2,0,0,0,1,1,0,0,2,2,4,4,2,2,1,0,1,0,0,(空)
74,164,104,4,1,2,3,1,1,4,3,3,4,3,3,3,3,4,4,4,3,4,3,2,4,3,4,4,4,3,4,4,4,1,2,2,2,2,4,2,0,0,0,1,0,0,0,2,2,3,3,4,2,0,0,1,0,0,(空)
75,189,91,3,1,2,1,1,1,4,4,2,3,2,2,4,4,3,4,3,4,2,2,2,4,4,4,2,1,1,4,3,2,2,2,2,2,2,3,4,0,0,1,0,1,0,0,3,5,5,3,2,2,1,1,0,0,0,(空)
76,168,106,4,1,1,2,1,3,4,4,4,4,4,3,4,3,4,4,5,4,4,3,3,4,3,4,4,4,3,3,3,4,4,4,2,2,2,3,2,0,0,0,1,1,0,0,2,5,5,2,2,1,1,1,0,1,0,(空)
77,194,124,5,1,2,3,2,3,5,5,3,3,3,3,3,4,2,5,5,5,5,3,3,5,5,5,3,5,5,4,4,3,5,4,4,3,4,2,3,0,0,0,1,0,0,0,3,5,5,5,5,4,1,1,0,1,0,(空)
78,162,114,2,2,1,1,1,4,3,3,3,4,4,3,4,3,4,4,4,4,5,4,4,3,4,4,4,3,4,3,4,3,2,4,4,4,4,4,4,0,0,0,1,1,0,0,4,4,2,4,4,4,0,1,1,0,0,(空)
79,185,90,1,3,2,1,2,1,2,2,3,2,3,2,2,2,2,2,4,2,2,2,1,4,4,5,2,3,2,2,3,3,4,4,3,2,4,4,4,0,0,0,1,1,0,0,4,4,5,4,4,4,0,1,1,1,0,(空)
80,156,108,4,2,3,3,2,3,4,4,4,3,4,3,3,4,4,3,3,3,5,4,5,3,3,4,3,4,4,3,3,2,1,2,2,2,4,4,4,0,1,0,1,0,0,0,4,5,5,2,3,1,1,1,1,0,0,(空)
81,179,96,5,1,2,1,2,2,3,4,4,4,3,4,3,5,4,2,2,2,3,3,2,4,4,2,3,2,3,3,4,3,2,2,2,3,4,5,4,0,0,1,1,0,0,0,4,3,4,4,2,2,1,0,0,0,0,(空)
82,166,97,6,2,3,3,2,3,3,3,3,3,4,3,3,2,3,3,3,3,3,4,3,4,4,4,3,4,4,3,2,2,3,4,4,4,4,3,5,0,0,0,1,1,0,0,4,4,3,4,3,4,1,1,0,0,0,(空)
83,197,127,8,2,2,2,3,3,4,5,5,5,4,5,4,4,5,4,5,5,5,5,5,4,5,5,2,3,3,5,5,5,5,4,4,5,4,5,3,0,0,1,0,1,0,0,4,5,5,3,2,3,1,0,1,0,0,(空)
84,159,109,8,1,3,3,3,2,4,4,3,3,4,4,4,4,4,4,3,3,3,3,3,4,4,4,4,4,4,3,4,3,2,1,1,1,2,3,3,0,1,0,0,0,0,0,3,5,5,4,3,2,0,0,1,0,0,(空)
85,170,84,2,1,3,2,3,1,2,2,2,2,1,3,4,3,4,1,2,3,5,4,4,2,2,2,2,2,2,3,4,2,2,1,2,2,2,2,4,0,1,0,0,0,0,0,4,2,3,2,4,4,1,1,0,1,0,(空)
86,153,115,1,4,4,4,2,4,4,3,3,3,4,4,4,4,4,3,3,4,5,4,5,4,4,4,4,2,3,4,3,4,3,3,4,4,3,3,4,0,1,0,0,1,0,0,4,3,4,4,4,4,0,1,0,0,0,(空)
87,154,99,2,3,2,1,1,2,3,4,3,4,4,4,3,3,3,3,3,3,4,4,3,4,4,4,3,3,2,4,4,4,2,4,3,4,3,2,1,0,0,1,1,0,0,0,2,5,4,2,2,2,0,0,1,1,0,(空)
88,183,118,6,4,4,3,4,1,4,4,5,3,4,4,5,5,5,5,5,5,5,4,3,3,5,3,4,3,3,3,5,4,3,5,4,5,3,5,5,0,0,0,1,0,0,0,3,5,5,4,4,3,0,1,0,0,0,(空)
89,160,103,3,2,3,3,3,1,3,3,4,3,4,4,4,3,2,5,4,4,3,4,3,3,4,3,5,5,4,2,4,3,2,2,2,3,2,2,2,0,0,0,0,1,0,0,1,5,5,2,2,2,0,1,0,0,0,(空)
90,176,116,1,1,3,2,4,5,3,4,5,5,5,4,5,3,3,4,5,4,3,3,5,3,5,5,5,4,3,4,3,5,4,5,4,5,5,4,5,0,0,0,0,1,0,0,5,3,4,3,4,3,1,1,1,0,0,(空)
91,174,123,8,1,1,2,2,5,4,4,4,4,4,4,5,5,4,3,4,4,5,4,4,5,5,4,5,5,4,4,4,4,3,3,4,3,5,4,5,0,0,0,1,1,0,0,3,3,3,5,5,4,0,1,1,0,0,(空)
92,191,77,7,1,4,2,3,3,2,2,2,2,1,1,2,1,1,3,3,3,2,2,2,4,4,3,4,4,4,1,2,3,4,5,4,5,3,2,4,0,1,0,0,1,0,0,2,2,2,3,2,3,0,1,0,0,0,(空)
93,163,105,8,1,1,1,1,4,4,4,3,4,3,4,3,3,4,3,3,3,3,4,4,3,4,4,4,4,4,4,4,5,2,2,4,2,2,3,3,0,0,0,1,0,0,0,2,5,4,1,2,2,0,1,0,0,0,(空)
94,171,93,6,1,2,1,2,2,2,2,4,4,3,4,4,2,3,4,3,2,2,4,4,2,3,4,2,4,2,2,3,2,3,4,2,4,4,2,2,0,0,1,1,0,0,0,4,1,3,3,3,5,0,0,1,0,0,(空)
95,162,92,2,2,1,1,1,3,2,2,4,2,4,3,2,1,2,4,5,4,4,4,3,3,3,2,2,2,4,2,3,2,2,3,3,2,2,2,2,0,0,0,1,0,0,0,2,5,5,4,4,4,1,0,1,1,0,(空)
96,186,126,8,2,2,1,2,4,4,3,3,4,5,5,5,5,5,3,3,5,4,3,5,3,5,5,5,5,5,5,5,5,3,4,2,4,3,5,3,0,0,0,1,1,0,0,4,5,4,5,3,3,1,0,0,1,0,(空)
97,166,139,8,1,3,3,3,1,4,5,4,5,4,5,5,5,4,5,5,5,5,4,5,5,5,4,5,5,5,4,4,4,5,5,5,4,4,5,4,0,1,0,0,0,0,0,5,5,5,5,5,5,0,0,0,1,0,(空)
98,182,136,8,3,4,4,3,1,5,4,5,4,5,5,4,4,5,5,5,4,5,5,5,4,4,5,5,4,4,4,5,5,5,4,5,5,4,5,4,0,1,0,1,0,0,0,5,5,5,4,4,5,0,1,0,0,0,(空)
99,154,80,7,4,3,4,2,3,1,1,3,2,4,2,4,4,4,2,2,3,2,1,2,1,2,1,4,2,2,2,4,2,4,4,4,4,4,3,2,0,0,0,1,0,0,0,2,2,2,4,4,4,1,1,1,0,0,(空)
100,173,80,1,2,3,3,2,2,2,3,2,3,3,4,2,4,2,2,4,2,2,3,2,4,4,5,2,2,2,2,2,2,2,3,2,1,5,3,5,0,0,1,0,0,0,0,3,5,5,2,2,3,1,1,0,0,0,(空)
101,160,83,6,1,2,2,2,3,1,3,1,4,2,2,2,3,4,4,4,4,2,2,3,2,2,1,4,2,4,3,2,1,3,2,2,2,2,2,3,0,1,0,1,0,0,0,4,2,2,4,4,4,0,1,0,1,0,(空)
102,184,80,6,2,1,2,1,1,3,3,1,4,2,2,2,4,2,2,3,2,2,2,2,3,4,4,1,3,1,3,3,2,2,2,3,1,2,2,2,0,0,0,1,0,0,0,4,2,4,4,4,2,0,0,1,0,0,(空)
103,156,87,3,1,5,3,3,6,3,5,4,2,1,1,5,5,3,2,2,2,5,4,3,2,2,2,4,4,4,4,3,3,3,4,5,5,5,5,4,0,0,1,0,0,0,0,4,1,2,2,2,2,1,0,1,0,0,(空)
104,188,127,6,1,2,1,2,2,5,5,5,5,5,5,5,5,3,5,5,5,4,2,2,3,3,3,4,3,4,5,5,5,3,5,4,5,4,4,4,0,1,0,0,0,0,0,5,3,3,5,3,3,0,1,0,0,0,(空)
105,166,88,5,1,3,2,3,2,2,4,2,4,4,3,4,3,4,2,2,2,2,2,4,4,4,3,3,2,1,2,2,2,2,2,2,1,2,2,2,0,0,1,1,0,0,0,2,2,3,4,4,4,1,1,0,1,0,(空)
106,175,132,4,1,3,3,3,3,5,4,4,5,5,5,4,4,4,4,4,5,5,5,5,5,5,4,5,5,5,4,4,5,4,4,4,4,4,5,5,0,1,1,0,0,0,0,4,5,5,4,5,4,0,1,0,0,0,(空)
107,163,92,8,4,2,2,2,3,2,4,4,4,4,4,3,2,2,3,1,1,5,3,5,2,2,3,4,3,4,3,2,3,1,2,3,2,3,5,4,0,0,0,1,0,0,0,5,4,3,3,2,4,0,1,1,1,0,(空)
108,178,131,7,2,2,2,2,2,5,5,5,5,5,4,4,5,5,5,3,3,5,4,5,3,4,5,5,5,3,3,3,5,5,4,5,5,3,4,3,0,0,1,0,0,0,0,4,4,3,5,5,4,1,1,1,0,0,(空)
109,173,124,1,1,2,2,2,3,5,5,5,4,5,5,5,4,3,5,5,4,5,5,5,5,3,5,3,3,4,3,3,2,5,5,3,3,4,3,5,0,0,1,0,0,0,0,5,4,5,4,4,3,1,1,1,0,0,(空)
110,180,92,6,1,2,1,1,3,2,3,3,3,4,3,2,2,2,4,4,4,2,2,2,3,4,3,4,2,3,1,3,2,1,2,1,1,4,5,4,0,0,0,0,1,0,0,5,5,5,3,5,4,0,1,1,1,0,(空)
111,161,127,3,1,3,3,4,2,5,5,5,5,4,4,3,5,5,3,5,4,4,5,5,3,3,3,5,4,5,3,4,5,3,4,4,5,3,3,4,0,0,1,1,0,0,0,4,2,3,4,5,3,0,0,1,0,0,(空)
112,173,118,1,2,2,2,3,2,4,5,5,3,3,3,5,3,3,5,3,4,5,4,5,5,5,5,3,3,3,5,5,5,5,5,5,3,5,4,3,0,0,1,1,0,0,0,5,5,4,2,3,3,1,0,1,1,0,(空)
113,188,86,8,2,2,2,2,3,2,2,3,5,5,4,4,4,2,2,2,3,4,3,4,2,2,3,3,2,2,2,2,2,4,2,4,2,4,4,2,0,0,0,1,0,0,0,4,3,3,1,2,1,1,0,0,1,0,(空)
114,168,85,3,2,4,3,3,3,3,2,2,2,4,3,3,2,2,1,2,2,3,3,4,4,4,4,2,4,2,4,2,2,2,2,2,4,2,3,4,0,0,0,1,1,0,0,3,2,2,2,2,4,0,1,1,0,0,(空)
115,179,84,2,1,3,4,3,4,4,3,4,3,1,3,4,4,2,2,1,2,1,1,2,4,4,5,4,4,4,2,1,2,3,4,3,4,2,2,4,0,0,0,1,1,0,0,3,2,2,3,2,2,1,1,0,1,0,(空)
116,173,77,8,1,3,3,3,3,2,2,2,2,4,4,2,2,2,3,2,3,2,2,2,2,2,2,3,2,4,4,3,2,4,3,2,4,5,4,5,0,1,1,0,0,0,0,5,2,3,4,4,2,0,1,1,0,0,(空)
117,182,87,1,1,3,2,2,1,4,4,3,3,3,2,2,2,2,4,2,4,3,4,4,2,2,2,2,3,2,3,2,4,2,3,3,3,4,3,3,0,0,0,0,1,0,0,3,4,3,2,2,2,0,1,1,0,0,(空)
118,175,108,7,3,3,3,3,3,5,3,3,3,2,3,3,3,2,2,3,2,4,5,5,4,4,5,4,5,5,5,5,5,5,3,5,3,4,5,5,0,1,0,0,0,0,0,5,5,4,4,3,3,0,1,1,1,0,(空)
119,175,96,2,1,5,2,3,3,3,3,2,2,4,4,4,5,5,4,2,2,3,5,4,4,4,2,3,4,4,2,1,1,2,3,3,3,2,4,2,0,0,0,1,0,0,0,2,5,5,2,2,2,1,0,1,0,0,(空)
120,160,82,5,1,3,2,3,3,3,2,2,4,3,4,2,3,2,4,3,5,2,4,2,2,4,2,2,2,2,2,1,3,2,2,3,3,3,2,2,0,0,1,0,0,0,0,2,3,2,2,2,4,1,1,0,0,0,(空)
121,175,98,6,1,1,1,1,1,3,2,2,3,4,4,4,4,4,4,4,4,2,4,3,2,4,2,4,2,2,2,4,3,4,4,2,3,4,4,4,0,0,0,0,1,0,0,4,2,2,3,2,3,0,1,1,1,0,(空)
122,169,88,1,1,3,3,2,2,3,2,2,3,4,4,3,2,2,4,2,4,2,2,2,1,3,3,3,4,4,3,4,2,3,3,4,4,2,1,3,0,0,0,0,1,0,0,2,5,5,3,4,2,1,0,0,0,0,(空)
123,173,98,8,3,3,3,3,5,4,4,4,4,3,4,2,2,2,4,4,4,4,2,2,4,4,4,1,3,2,2,4,4,2,2,4,2,2,4,4,0,1,1,0,0,0,0,3,5,5,2,2,2,1,0,1,1,0,(空)
124,165,120,1,1,3,3,2,1,5,3,5,5,5,5,5,4,5,4,5,4,5,5,4,3,3,5,3,5,5,3,3,3,4,5,5,5,3,5,5,0,0,1,1,0,0,0,5,5,4,4,4,3,1,1,1,0,0,(空)
125,188,124,6,2,2,1,1,1,3,3,5,3,3,4,3,4,5,3,4,5,5,5,4,5,4,3,5,4,5,4,4,5,5,5,5,5,3,3,3,0,0,0,1,1,0,0,4,3,3,5,4,5,0,1,1,1,0,(空)
126,173,93,7,1,1,1,2,3,2,4,4,4,3,2,3,3,4,3,3,4,4,4,3,4,2,2,2,1,1,3,3,2,4,4,4,4,3,4,4,0,0,1,0,1,0,0,4,2,2,4,4,2,1,0,0,0,0,(空)
127,176,135,2,1,3,3,3,3,5,4,4,4,5,5,4,5,5,5,4,5,5,4,5,5,5,4,5,4,5,4,4,4,4,5,5,5,5,4,4,0,0,0,0,1,0,0,4,5,5,4,5,4,1,0,1,1,0,(空)
128,188,135,6,1,3,4,2,2,5,4,4,4,5,5,4,5,5,5,4,5,5,4,5,5,5,4,5,4,5,4,4,4,4,5,5,5,5,4,4,0,0,1,1,0,0,0,4,5,5,4,5,4,0,0,1,1,0,(空)
129,172,119,1,2,3,2,2,1,5,5,5,5,3,4,2,3,3,5,5,5,5,5,5,4,3,3,5,5,5,5,3,3,5,5,5,5,5,3,5,0,0,0,0,1,0,0,3,4,5,4,4,2,0,1,0,0,0,(空)
130,198,91,6,2,3,4,4,2,3,5,4,3,3,3,2,2,2,2,2,2,1,1,2,3,3,3,4,4,4,5,4,3,2,2,2,2,4,4,4,0,1,0,0,0,0,0,4,2,2,2,3,2,0,0,1,1,0,(空)
131,154,112,2,4,2,3,1,3,3,3,3,4,4,5,4,4,5,3,5,3,4,3,3,5,4,5,4,5,5,3,3,3,3,5,5,3,3,5,5,0,0,0,1,1,0,0,5,3,3,5,4,4,0,1,1,1,0,(空)
132,190,96,6,1,1,1,2,2,4,3,4,2,2,4,2,3,2,2,3,4,4,3,4,4,4,2,2,4,2,2,2,2,4,4,4,3,4,4,4,0,0,1,1,0,0,0,4,3,2,4,4,4,1,1,1,0,0,(空)
133,167,90,6,3,4,2,3,1,3,5,5,1,2,3,4,4,3,5,4,5,2,3,2,1,1,2,2,2,3,4,4,3,2,3,2,3,2,2,3,0,0,1,0,0,0,0,2,2,2,3,3,2,0,1,1,0,0,(空)
134,187,97,1,2,4,3,2,1,4,3,2,4,4,3,2,2,2,3,3,4,2,2,2,1,2,2,4,4,4,2,4,4,2,2,3,2,4,4,3,0,0,0,1,0,0,0,4,5,5,4,4,4,0,1,1,1,0,(空)
135,170,83,3,2,4,3,3,2,3,4,4,4,4,3,2,2,2,4,2,2,1,3,2,2,1,1,2,4,2,3,3,4,2,1,1,1,2,3,4,0,0,0,1,0,0,0,2,3,3,2,3,2,1,1,0,1,0,(空)
136,183,134,2,2,3,3,3,2,4,4,5,4,4,4,4,5,4,4,4,5,5,4,4,5,4,5,5,5,4,5,5,5,4,5,4,5,4,5,4,0,0,0,1,0,0,0,4,5,5,4,5,5,0,1,0,0,0,(空)
137,163,94,2,4,3,3,3,2,2,2,1,4,3,2,2,3,2,4,5,4,4,5,4,4,3,4,4,4,5,2,2,3,2,4,2,3,4,2,2,0,1,0,1,0,0,0,4,4,2,2,2,2,1,0,0,0,0,(空)
138,157,85,6,3,1,1,1,2,4,3,4,4,2,4,4,3,4,2,1,3,2,2,3,3,4,4,1,2,1,4,3,2,3,4,4,4,3,3,2,0,0,1,0,0,0,0,4,2,2,2,2,2,0,1,0,1,0,(空)
139,185,85,1,1,4,4,3,4,1,1,1,3,3,2,3,4,4,4,2,2,5,5,4,2,2,4,2,2,2,1,1,2,4,3,4,4,3,3,1,0,0,0,1,1,0,0,3,2,2,5,4,5,0,0,0,1,0,(空)
140,169,85,2,1,3,3,2,5,2,3,2,3,2,3,4,4,4,3,2,2,4,4,3,2,2,2,2,2,2,3,3,3,4,3,2,3,2,1,2,0,0,0,1,0,0,0,1,5,4,3,4,3,0,0,0,1,0,(空)
141,187,91,1,1,3,3,2,2,2,1,2,2,3,4,4,4,4,4,4,2,3,2,4,4,4,2,4,4,4,3,2,3,3,4,5,3,2,2,2,0,0,0,1,0,0,0,3,2,4,2,2,2,0,0,1,0,0,(空)
142,161,103,1,2,2,1,2,1,4,3,5,3,5,5,3,4,3,5,4,4,3,3,5,3,3,4,3,3,5,3,3,3,3,3,3,4,5,5,5,0,1,0,1,0,0,0,5,4,5,3,3,3,1,0,0,0,0,(空)
143,182,89,7,1,3,3,4,2,3,2,2,3,4,4,4,4,2,4,4,3,4,2,2,2,2,2,2,3,2,3,1,2,2,4,2,3,2,2,3,0,0,0,1,1,0,0,4,3,2,5,5,4,1,0,1,0,0,(空)
144,172,123,2,1,3,3,4,3,5,5,3,3,3,3,3,3,4,5,5,5,5,5,5,3,3,3,5,3,3,3,5,3,5,4,5,4,4,3,4,0,0,0,1,0,0,0,3,5,5,5,4,5,0,1,1,0,0,(空)
145,191,129,5,4,1,1,1,6,5,4,4,5,5,5,2,3,3,5,4,5,3,3,4,5,5,3,4,4,5,5,5,5,5,4,5,5,2,3,3,0,0,1,0,0,0,0,3,5,5,5,5,5,0,1,1,1,0,(空)
146,178,98,7,1,5,4,4,4,4,4,4,2,4,2,4,2,2,3,4,2,2,4,4,4,4,4,3,5,5,4,4,3,4,3,4,4,1,1,3,0,0,1,0,0,0,0,2,2,1,4,2,3,0,1,0,0,0,(空)
147,175,119,8,2,2,3,2,1,5,3,3,5,3,4,3,5,5,5,5,4,5,3,3,4,3,3,4,5,5,3,3,2,3,3,3,3,3,4,3,0,0,0,1,0,0,0,3,5,5,5,3,3,1,1,1,0,0,(空)
148,155,77,8,1,2,2,3,2,2,2,1,2,2,1,3,4,3,2,3,3,2,3,4,2,3,4,2,4,2,1,2,2,2,3,2,4,2,2,2,0,0,0,1,0,0,0,2,2,4,4,2,2,0,0,1,1,0,(空)
149,189,95,2,3,1,2,1,1,1,1,2,5,4,3,3,4,3,2,3,2,3,3,3,3,3,2,3,4,2,2,4,4,3,4,4,4,4,4,4,0,0,0,1,0,0,0,3,3,3,3,4,4,1,1,0,0,0,(空)
150,160,86,1,4,1,1,1,2,4,2,4,4,2,2,4,4,4,2,4,2,2,2,2,2,2,2,2,4,4,2,1,3,4,4,2,4,4,4,2,0,1,0,0,0,0,0,3,4,3,3,2,2,1,0,1,0,0,(空)
151,178,85,3,2,2,2,1,6,2,2,4,3,3,2,1,3,2,2,2,1,2,4,2,3,2,4,3,4,2,3,2,3,5,4,5,4,4,4,5,0,0,0,1,1,0,0,5,5,5,4,4,3,1,0,0,0,0,(空)
152,162,103,5,1,4,3,4,1,3,2,4,4,4,4,4,4,4,2,2,2,5,4,4,4,3,4,4,3,4,4,3,3,1,1,1,1,4,3,4,0,1,0,0,1,0,0,2,3,2,2,2,2,1,1,0,1,0,(空)
153,202,97,3,1,4,3,2,4,2,2,2,2,2,2,3,4,4,3,4,4,4,2,4,2,2,2,3,2,2,4,4,4,2,2,2,2,4,4,4,0,0,1,0,1,0,0,4,4,3,3,5,5,0,1,0,0,0,(空)
154,169,79,3,4,3,4,3,3,1,2,2,2,2,2,2,3,3,4,4,4,2,1,2,4,4,4,2,2,2,1,2,1,3,3,4,3,2,2,2,0,0,0,0,1,0,0,2,4,3,4,4,4,0,0,1,1,0,(空)
155,171,85,3,1,2,2,2,1,2,3,3,2,4,2,2,3,1,1,1,3,2,4,2,2,4,4,2,4,4,4,4,4,2,3,2,4,3,4,3,0,0,0,0,1,0,0,4,3,1,2,2,3,1,0,0,0,0,(空)
156,167,98,1,1,3,3,3,1,4,3,5,4,2,2,2,2,3,2,2,2,5,4,4,2,2,2,4,4,4,4,4,4,2,3,2,2,3,5,4,0,0,1,0,1,0,0,4,2,2,4,5,4,1,0,0,0,0,(空)
157,175,113,5,1,4,4,3,1,3,4,3,5,3,3,5,5,5,5,5,5,3,3,3,5,5,4,3,3,3,4,5,3,5,4,5,4,4,5,5,0,0,0,1,0,0,0,5,3,3,3,3,5,1,1,0,1,0,(空)
158,169,122,1,3,3,4,2,1,2,2,4,3,4,2,5,4,5,5,5,3,5,5,5,3,4,4,3,4,5,5,5,5,3,3,5,3,4,3,3,0,0,0,1,0,0,0,4,5,4,3,5,3,1,1,0,0,0,(空)
159,163,145,8,1,4,2,4,3,5,5,5,5,5,5,5,5,5,5,4,4,5,4,5,5,5,5,5,5,4,4,5,5,5,5,4,5,4,3,4,0,0,0,0,1,0,0,3,5,5,5,4,5,0,1,1,1,0,(空)
160,189,92,1,4,3,3,3,2,2,4,3,1,3,3,3,2,2,2,4,2,2,2,2,4,5,5,2,2,3,4,3,3,4,5,5,4,4,4,2,0,0,0,1,0,0,0,4,2,2,4,4,4,0,1,1,1,0,(空)
161,161,87,1,4,3,3,3,3,3,1,3,4,4,3,3,2,2,4,4,3,4,3,4,4,3,4,3,2,2,3,4,2,1,1,2,1,1,1,1,0,0,0,1,0,0,0,1,2,3,3,2,2,0,1,0,1,0,(空)
162,181,96,2,2,4,4,4,5,3,4,4,3,2,2,2,4,3,4,4,4,2,3,3,2,2,3,2,2,2,4,4,3,2,2,2,2,4,3,4,0,0,1,0,0,0,0,4,5,5,2,4,3,1,0,1,1,0,(空)
163,164,88,5,2,1,2,1,3,5,5,5,3,1,1,2,4,2,4,3,4,2,2,3,4,3,2,5,4,5,1,2,2,4,2,3,2,2,2,2,0,0,1,1,0,0,0,1,2,2,2,2,2,0,1,1,0,0,(空)
164,182,93,4,1,4,3,4,4,4,4,4,1,2,2,5,4,5,3,4,3,3,2,3,2,3,2,4,2,3,4,4,4,2,1,2,2,2,2,2,0,0,1,0,0,0,0,4,2,4,1,3,2,1,1,1,0,0,(空)
165,177,117,7,4,4,3,4,4,4,4,3,5,5,4,5,5,5,5,5,5,5,5,5,3,3,4,4,5,5,2,2,3,3,4,3,4,5,5,5,0,0,1,0,0,0,0,5,4,5,3,5,3,0,1,0,0,0,(空)
166,190,106,8,1,3,2,3,1,5,4,3,2,2,3,5,5,5,3,4,3,5,3,5,3,4,3,3,3,2,5,3,3,5,5,5,5,4,5,5,0,0,1,0,0,0,0,5,3,3,3,5,5,1,1,0,1,0,(空)
167,165,89,7,1,3,3,3,4,4,2,3,4,4,3,2,4,4,2,4,4,2,3,3,3,2,4,2,2,1,2,2,3,4,2,2,2,3,4,4,0,1,0,1,0,0,0,4,2,2,3,2,2,0,0,1,0,0,(空)
168,186,101,2,2,2,3,2,2,2,2,3,3,4,3,4,4,5,2,2,2,5,5,4,2,2,4,4,5,4,2,2,2,2,3,4,4,4,4,4,0,0,1,1,0,0,0,4,3,4,3,3,2,0,0,1,0,0,(空)
169,173,81,1,2,1,1,1,5,2,2,2,2,2,2,5,3,3,2,2,2,2,1,1,4,4,3,2,2,2,5,4,3,4,4,2,4,5,4,4,0,0,0,1,0,0,0,3,2,2,3,4,2,0,0,1,1,0,(空)
170,188,116,5,2,2,1,2,4,3,3,4,4,3,5,3,3,4,5,5,5,5,3,5,3,3,3,5,3,5,5,5,4,3,5,5,3,5,4,4,0,0,0,1,1,0,0,5,5,5,3,2,2,1,1,1,0,0,(空)
171,172,92,1,1,2,1,2,1,2,3,2,2,3,3,2,2,3,4,2,2,3,2,3,4,2,4,4,3,4,4,4,2,3,3,2,2,2,1,2,0,0,0,1,0,0,0,1,2,4,5,4,5,1,0,1,1,0,(空)
172,170,88,5,1,3,3,3,2,2,2,2,3,4,3,4,4,2,4,3,3,2,2,2,5,4,4,2,2,2,3,4,2,2,4,2,4,2,2,2,0,0,1,1,0,0,0,3,2,4,2,4,2,0,1,1,0,0,(空)
173,182,85,6,1,1,1,2,3,5,4,5,2,3,1,2,3,2,2,1,1,2,3,2,2,2,4,2,2,2,2,4,4,2,1,1,3,4,4,3,1,0,0,1,0,0,0,4,5,5,2,2,3,1,1,1,0,0,(空)
174,171,104,3,1,3,4,4,5,3,4,2,4,4,5,1,3,2,4,4,4,2,2,2,4,4,5,5,3,4,3,4,3,2,2,1,1,3,4,2,0,0,1,0,1,0,0,2,2,3,3,4,4,0,1,1,0,0,(空)
175,162,90,3,2,3,3,3,1,4,4,3,2,2,3,2,4,4,2,1,2,5,5,4,2,2,2,1,2,2,4,4,3,1,2,1,2,3,4,2,0,0,0,1,1,0,0,2,3,2,4,4,2,1,0,1,0,0,(空)
176,191,88,2,4,5,2,4,1,2,3,4,4,3,3,3,3,3,4,4,2,1,3,2,3,3,2,2,4,2,2,2,2,2,2,3,3,2,2,4,0,0,1,1,0,0,0,2,5,5,2,4,3,0,1,1,1,0,(空)
177,163,104,1,2,3,3,2,2,4,3,3,2,3,1,4,4,4,4,3,4,5,4,4,1,2,2,2,2,4,4,4,3,1,3,1,1,4,4,4,0,0,0,1,0,0,0,4,3,4,4,4,4,0,0,0,1,0,(空)
178,188,121,5,1,5,3,4,3,5,4,3,5,4,5,3,3,3,3,3,2,5,5,4,5,5,4,5,5,5,3,4,5,5,3,5,4,5,4,5,0,0,0,1,0,0,0,5,3,4,5,5,5,1,0,1,0,0,(空)
179,177,116,2,4,4,2,4,3,3,4,3,5,4,3,5,5,5,5,4,4,5,5,4,5,5,4,3,5,3,4,5,5,5,5,3,4,5,5,5,0,0,0,0,1,0,0,5,3,2,3,3,5,1,0,1,1,0,(空)
180,184,112,1,2,1,1,1,7,4,2,4,4,4,2,3,4,4,4,4,3,4,3,2,2,2,4,5,3,3,4,4,4,4,4,4,3,4,4,4,0,0,0,0,1,0,0,2,4,5,5,4,4,1,1,0,0,0,(空)
181,170,101,1,3,4,3,2,2,4,4,2,4,4,3,4,2,3,4,4,4,1,2,3,2,4,4,2,2,1,5,5,4,4,3,2,2,4,4,4,0,0,0,0,1,0,0,3,3,2,3,3,4,1,0,1,0,0,(空)
182,187,112,7,1,3,2,2,4,3,3,4,5,5,5,3,3,4,4,5,3,5,4,3,3,3,3,5,5,5,5,3,3,5,4,5,5,5,5,5,0,0,0,1,1,0,0,5,5,5,3,5,5,1,1,0,0,0,(空)
183,157,90,1,2,3,2,3,3,3,2,2,2,1,3,2,3,3,1,3,2,4,5,5,3,2,2,4,4,3,3,2,2,4,2,2,4,4,4,4,0,0,1,0,1,0,0,4,5,4,2,2,4,0,0,0,1,0,(空)
184,155,131,2,1,3,4,3,1,4,4,5,5,5,5,5,4,4,4,4,5,5,4,4,4,5,5,4,4,4,4,4,5,5,5,5,5,4,5,4,0,1,0,1,0,0,0,5,5,4,4,5,4,1,1,1,0,0,(空)
185,182,85,7,1,2,2,2,2,2,2,2,2,2,2,3,4,2,2,4,3,2,2,2,4,2,2,2,3,1,2,4,3,4,5,4,4,2,3,4,0,0,0,1,1,0,0,4,2,4,4,4,5,0,1,1,0,0,(空)
186,161,94,3,1,2,2,1,3,4,4,4,2,3,2,4,2,4,4,2,4,3,4,2,2,3,2,2,2,1,2,4,2,2,1,1,2,2,3,4,0,0,1,1,0,0,0,4,4,5,4,4,4,1,0,0,0,0,(空)
187,190,84,8,1,3,3,2,4,4,3,5,4,3,4,2,4,4,2,3,3,2,2,2,2,1,1,1,1,3,1,2,2,3,4,4,3,4,4,3,0,0,1,0,0,0,0,5,5,5,2,2,3,0,1,0,1,0,(空)
188,169,129,6,1,2,2,1,1,4,3,5,4,4,5,3,3,3,3,4,3,4,4,3,4,5,5,5,5,3,5,5,5,5,5,5,5,4,4,4,0,0,0,1,0,0,0,5,4,5,5,5,5,1,1,0,1,0,(空)
189,191,117,2,2,4,3,3,3,3,4,2,5,5,3,3,5,3,5,5,5,5,5,5,5,5,4,5,4,5,3,3,5,5,5,4,3,5,5,5,0,0,1,0,1,0,0,5,5,5,3,4,3,0,1,1,0,0,(空)
190,165,114,5,2,1,2,1,2,4,4,5,3,3,3,4,5,5,3,4,2,4,3,2,4,5,4,5,5,5,4,5,5,4,5,5,5,5,4,5,0,0,0,1,0,0,0,5,5,5,3,3,3,1,1,1,0,0,(空)
191,187,80,5,4,4,3,4,3,3,3,3,3,2,2,2,2,2,2,4,4,2,2,4,1,2,2,1,2,2,3,4,3,2,2,3,2,4,4,3,0,1,0,0,0,0,0,2,3,2,2,2,3,1,1,1,0,0,(空)
192,159,131,6,2,3,3,3,3,3,3,3,5,5,5,5,4,5,5,5,4,5,4,5,4,4,5,4,4,5,5,5,3,5,3,5,3,3,5,3,0,0,1,1,0,0,0,4,4,5,5,5,5,1,0,1,0,0,(空)
193,194,78,3,1,3,2,3,2,4,3,2,1,2,1,2,3,3,2,2,2,2,2,3,3,4,4,2,3,3,2,2,2,2,3,2,1,4,2,3,0,1,0,1,0,0,0,3,5,5,2,2,1,0,1,0,0,0,(空)
194,173,84,1,2,3,3,2,4,1,1,2,2,2,3,2,3,2,4,5,4,1,2,3,2,2,2,4,2,2,4,3,4,2,2,1,2,4,4,2,0,0,0,1,0,0,0,4,5,5,2,2,3,0,0,0,1,0,(空)
195,190,91,1,1,3,2,2,2,4,4,4,2,2,2,4,2,2,4,3,4,2,4,2,4,3,5,4,3,3,2,3,1,3,4,2,3,2,2,2,0,0,0,1,0,0,0,2,2,3,3,2,4,0,1,1,0,0,(空)
196,167,95,6,3,3,3,3,2,4,2,4,4,4,3,1,2,3,4,5,4,5,5,5,2,4,4,1,2,2,2,2,2,4,3,3,4,3,2,2,0,0,0,1,1,0,0,2,2,3,3,4,2,1,0,1,0,0,(空)
197,188,92,4,2,4,3,3,5,2,3,4,3,2,4,1,1,2,3,3,4,2,1,2,4,4,4,4,2,4,3,4,3,1,1,2,1,4,2,2,0,0,0,1,0,0,0,3,3,4,3,4,4,1,0,0,1,0,(空)
198,172,85,6,1,2,2,1,1,3,3,3,3,2,2,2,2,3,3,2,4,5,4,4,2,2,2,1,2,2,4,3,2,4,2,2,3,3,4,2,0,0,0,1,1,0,0,3,2,3,3,3,2,1,0,0,1,0,(空)
199,172,81,3,1,2,2,1,2,2,4,4,2,1,2,4,2,4,3,2,2,2,4,2,3,2,4,2,2,2,3,4,4,3,4,3,4,2,2,3,0,1,0,0,0,0,0,2,3,2,1,3,2,0,1,1,1,0,(空)
200,155,83,5,1,3,3,3,4,4,4,4,1,1,2,3,3,2,4,4,4,2,4,2,2,2,2,2,1,2,2,2,2,4,3,4,4,3,3,4,0,0,1,0,0,0,0,3,2,4,2,4,2,1,0,1,1,0,(空)
201,166,125,2,1,4,2,4,1,5,3,5,5,5,5,4,4,3,3,3,5,3,3,5,5,5,5,4,5,5,5,4,5,5,4,5,4,5,5,4,0,0,0,1,1,0,0,5,3,4,5,3,5,1,1,1,0,0,(空)
202,186,116,5,1,2,1,1,1,4,3,3,5,4,5,5,5,5,4,4,5,5,5,5,5,5,5,3,5,3,4,3,5,5,5,4,5,5,5,5,0,1,0,1,0,0,0,3,5,5,2,2,2,1,1,0,1,0,(空)
203,170,102,5,1,4,3,2,3,3,2,4,4,3,4,4,4,3,3,4,4,4,3,4,2,2,4,2,4,2,4,4,3,4,4,2,4,4,3,4,0,0,0,1,1,0,0,4,2,2,4,3,2,0,1,1,0,0,(空)
204,190,78,6,2,3,4,3,3,2,4,2,1,3,2,4,4,3,2,2,2,2,4,4,2,4,2,2,2,2,3,2,2,2,2,2,2,3,2,3,0,0,0,1,1,0,0,3,2,2,2,2,2,1,0,1,0,0,(空)
205,160,131,1,2,2,2,1,6,5,5,5,5,5,5,4,5,5,4,5,4,4,5,5,3,5,5,5,5,5,3,5,3,4,4,4,5,5,3,3,0,0,0,1,1,0,0,3,4,5,3,3,4,1,1,0,0,0,(空)
206,185,127,5,2,3,2,3,1,3,3,4,5,5,5,4,5,5,5,4,5,4,3,4,5,4,5,4,4,5,3,3,3,3,3,4,3,5,3,4,1,0,0,0,1,0,0,3,5,5,5,5,5,0,1,0,0,0,(空)
207,173,123,3,2,1,1,1,2,5,5,5,5,4,3,5,3,5,3,4,3,5,5,4,5,5,5,3,5,3,2,3,3,3,4,5,5,3,3,2,0,0,0,1,0,0,0,3,3,3,5,5,4,1,0,0,1,0,(空)
208,175,133,5,1,3,4,2,2,5,5,5,5,4,5,5,5,5,4,3,4,5,5,4,3,3,4,5,5,4,5,5,5,4,5,5,3,4,3,2,0,0,0,1,1,0,0,3,4,2,4,5,5,0,1,0,0,0,(空)
209,172,94,1,2,1,1,1,5,4,4,3,2,3,2,4,3,2,3,4,4,4,4,3,2,2,2,4,3,4,2,4,3,4,4,2,4,2,2,1,1,1,0,0,0,0,0,2,3,4,4,4,2,1,1,0,0,0,(空)
210,174,82,1,1,2,3,2,3,3,2,4,2,2,2,3,2,2,4,4,3,2,2,4,1,2,2,3,2,2,2,1,2,4,2,3,4,3,2,3,0,0,0,0,1,0,0,4,3,4,4,4,4,1,1,1,0,0,(空)
211,162,110,3,1,5,3,3,1,3,4,5,3,3,4,4,5,3,3,2,3,4,5,5,4,4,5,3,4,4,4,3,5,5,3,3,4,5,4,5,0,0,0,1,0,0,0,5,4,5,3,3,3,1,0,1,0,0,(空)
212,181,88,6,4,3,2,2,3,4,3,4,2,4,4,1,2,3,2,2,1,3,1,2,4,2,3,3,2,4,4,4,3,4,4,3,3,4,2,4,0,0,1,1,0,0,0,4,2,4,2,3,2,1,1,1,0,0,(空)
213,166,79,5,4,3,4,4,2,2,3,2,1,2,2,3,3,2,3,4,4,4,2,2,2,1,2,2,2,1,1,2,2,4,4,4,4,4,2,4,0,0,0,1,1,0,0,4,5,5,4,2,4,0,1,0,0,0,(空)
214,191,89,3,2,4,4,3,1,2,2,3,2,2,2,4,4,4,3,4,4,2,3,2,2,2,2,2,3,4,2,3,2,3,4,4,4,2,2,4,0,0,0,1,1,0,0,4,3,4,5,3,4,1,1,0,0,0,(空)
215,159,121,5,4,2,2,1,1,5,3,3,2,3,3,5,4,5,3,5,4,5,5,5,4,4,3,2,3,3,3,5,5,4,5,4,5,4,4,3,1,0,0,0,0,0,0,3,5,5,3,5,5,0,1,1,1,0,(空)
216,190,83,2,1,4,2,4,2,2,3,2,2,2,2,2,2,3,3,2,4,3,1,1,4,4,4,2,3,4,2,2,2,3,2,3,3,2,4,2,0,0,0,0,1,0,0,3,5,4,2,4,4,1,1,1,0,0,(空)
217,171,121,6,2,4,2,2,3,3,3,2,4,3,3,3,4,5,5,5,5,5,5,5,3,3,5,3,4,3,5,5,5,4,3,3,3,3,2,3,0,0,0,1,0,0,0,2,4,5,4,3,5,0,1,1,1,0,(空)
218,179,78,1,1,2,1,2,3,4,2,4,2,2,2,2,2,2,4,3,3,1,2,2,4,2,2,5,3,5,2,1,2,4,5,4,5,2,2,2,0,0,1,0,0,0,0,3,2,2,2,2,3,1,1,1,0,0,(空)
219,176,99,2,1,3,4,3,7,3,2,2,4,4,3,2,4,2,2,2,2,5,4,4,2,3,2,4,3,3,4,4,4,1,2,2,2,4,4,4,0,0,0,0,1,0,0,3,3,2,3,4,4,0,1,0,0,0,(空)
220,179,126,3,1,2,2,1,1,5,4,4,5,4,4,5,4,4,4,4,5,4,4,4,5,5,4,4,5,4,4,5,5,5,5,5,4,5,5,4,0,0,1,0,0,0,0,4,5,5,4,4,4,1,1,0,0,0,(空)
221,175,72,8,1,2,2,2,2,2,3,1,4,3,3,2,3,4,4,4,3,1,2,2,2,4,2,3,1,1,2,2,2,4,4,4,3,5,5,4,1,0,0,1,0,0,0,4,2,2,2,2,2,0,1,1,1,0,(空)
222,184,97,7,2,3,2,3,2,3,3,3,3,3,4,3,1,1,4,4,3,2,2,3,2,2,4,4,4,4,3,4,4,4,3,2,4,4,3,2,0,0,1,0,1,0,0,3,2,3,4,5,3,0,0,1,0,0,(空)
223,168,117,4,3,3,3,3,2,4,5,4,5,4,4,5,5,5,3,4,4,5,3,5,3,4,3,4,5,5,3,5,4,5,5,5,5,5,5,5,0,0,1,0,1,0,0,5,5,5,3,3,5,0,1,1,1,0,(空)
224,180,94,7,1,2,2,2,5,4,4,4,2,3,3,4,4,4,3,2,2,2,4,2,1,2,3,4,4,4,3,3,3,3,1,1,2,4,4,4,0,0,0,1,0,0,0,2,2,2,2,2,2,1,0,1,1,0,(空)
225,165,92,8,1,2,2,1,4,4,3,4,3,4,2,4,4,5,4,4,3,4,2,2,2,4,2,3,2,2,2,4,2,2,4,2,4,5,4,5,0,0,0,0,1,0,0,4,4,3,3,3,4,1,0,1,1,0,(空)
226,183,99,7,1,3,2,3,3,4,4,4,3,3,4,3,3,4,2,2,2,4,4,2,4,4,2,4,5,4,3,4,4,2,3,2,3,2,2,2,0,0,0,1,1,0,0,4,5,5,2,3,1,1,0,1,1,0,(空)
227,171,86,3,3,4,2,3,1,4,4,3,1,2,2,2,4,2,2,2,2,5,4,4,2,3,1,4,4,2,3,3,2,2,2,2,2,4,4,4,0,0,0,1,0,0,0,4,3,4,1,1,1,0,1,1,0,0,(空)
228,173,91,2,3,4,3,3,5,4,2,2,2,2,1,3,4,3,4,4,3,2,3,4,4,3,2,3,2,3,2,2,2,1,2,2,3,2,2,3,0,0,0,1,1,0,0,3,4,4,5,5,4,0,0,1,1,0,(空)
229,156,75,8,1,2,2,1,1,1,3,2,2,4,4,2,2,2,1,3,2,2,3,2,1,3,3,2,4,3,2,2,3,4,2,4,2,2,4,2,0,0,0,1,1,0,0,3,2,2,2,2,3,1,1,0,0,0,(空)
230,179,102,8,4,3,3,3,4,2,2,2,5,5,3,2,3,1,5,4,4,4,3,4,3,3,4,2,1,2,4,3,4,4,3,2,3,4,3,4,0,1,0,0,0,0,0,4,4,4,5,3,4,0,1,1,1,0,(空)
231,167,95,3,2,2,3,2,2,2,2,2,2,2,2,4,4,2,3,4,4,2,4,4,2,4,2,2,4,4,5,3,4,2,2,2,1,4,2,2,0,0,0,1,1,0,0,3,5,5,3,4,2,1,1,0,0,0,(空)
232,174,80,4,1,2,1,2,1,2,3,2,3,4,2,3,4,3,2,2,1,2,2,2,3,1,1,3,3,4,2,4,2,4,4,4,4,2,3,2,0,0,0,1,1,0,0,2,2,2,4,3,4,1,0,1,1,0,(空)
233,173,102,1,1,4,4,3,7,4,3,4,2,4,4,4,3,4,4,3,4,5,4,4,2,3,3,2,4,3,2,2,3,2,2,3,3,4,2,4,0,0,0,0,1,0,0,2,2,2,4,4,2,1,1,0,1,0,(空)
234,179,120,3,1,4,4,3,1,5,5,5,5,5,4,3,3,5,5,3,4,5,5,5,3,3,5,4,5,5,3,2,2,5,4,5,5,5,3,5,0,0,0,1,1,0,0,3,4,4,5,5,4,0,0,1,0,0,(空)
235,171,90,2,2,2,1,2,2,4,2,3,4,3,4,2,2,1,3,2,4,5,4,4,3,5,3,1,1,2,4,3,4,4,2,3,3,2,2,2,0,0,0,0,1,0,0,3,4,5,1,3,2,0,0,1,0,0,(空)
236,185,136,3,1,3,3,3,7,5,5,5,5,5,5,5,5,5,3,3,4,5,5,5,4,4,5,5,5,5,5,5,5,4,2,2,3,5,5,3,0,0,0,1,0,0,0,5,5,5,5,5,5,1,1,0,1,0,(空)
237,156,96,6,2,3,3,3,5,3,2,4,3,2,2,5,4,3,2,4,4,2,4,4,4,2,2,3,4,3,3,4,5,4,5,4,5,4,2,2,0,1,0,1,0,0,0,4,3,2,2,2,4,1,0,1,1,0,(空)
238,195,102,1,1,1,1,1,5,3,3,3,2,2,2,2,2,2,4,4,4,3,4,3,4,4,2,5,4,3,4,3,3,3,2,2,3,4,4,4,0,1,0,0,0,0,0,3,2,2,4,4,5,0,1,1,1,0,(空)
239,164,91,1,2,4,2,3,3,5,4,5,2,2,1,2,3,3,2,2,2,3,2,3,4,4,4,2,2,3,2,4,4,2,2,4,2,3,3,2,0,0,0,1,1,0,0,2,5,5,2,2,4,0,1,0,1,0,(空)
240,183,126,1,1,3,4,4,1,3,3,3,5,5,5,4,5,5,5,4,5,5,5,5,3,3,5,4,4,5,5,4,3,5,5,5,5,5,4,4,0,0,0,1,0,0,0,5,3,3,5,4,3,0,1,0,1,0,(空)
241,170,121,3,1,5,3,3,3,4,3,4,3,5,5,3,4,5,4,4,5,3,3,3,5,5,5,5,5,4,3,3,4,5,5,5,5,4,5,5,0,0,1,0,0,0,0,3,4,5,5,5,5,0,1,1,1,0,(空)
242,178,92,1,1,4,4,3,2,4,4,4,4,4,4,2,2,2,4,2,2,4,3,2,2,3,2,2,4,3,2,3,2,2,2,3,2,2,2,2,0,1,0,0,1,0,0,2,4,2,5,5,4,0,0,0,1,0,(空)
243,153,76,6,2,4,4,3,6,2,2,1,2,2,2,2,2,1,3,2,3,5,4,4,2,2,4,2,2,2,3,2,2,3,4,4,4,3,2,4,0,1,0,0,0,0,0,2,3,2,3,2,2,0,0,1,1,0,(空)
244,179,114,8,1,3,4,2,1,3,3,3,5,5,5,3,4,5,5,4,5,5,3,5,5,5,5,3,3,3,4,3,3,5,5,5,5,5,4,5,0,0,0,1,1,0,0,3,4,4,3,3,3,1,1,0,1,0,(空)
245,164,102,8,1,4,4,3,2,3,4,4,4,2,3,3,3,4,2,4,4,5,3,5,2,2,3,4,2,3,4,4,4,1,3,3,1,5,3,4,0,0,0,0,1,0,0,3,2,2,4,4,4,0,0,0,1,0,(空)
246,181,102,5,1,3,3,3,2,5,3,5,3,4,2,2,3,2,4,4,4,2,4,4,4,4,5,5,4,4,2,2,3,1,2,1,2,2,2,3,0,0,1,0,1,0,0,2,3,5,3,2,1,0,1,0,1,0,(空)
247,174,102,3,1,2,3,2,3,4,4,4,2,2,2,4,4,3,4,4,3,4,2,3,4,5,5,3,4,3,3,3,4,2,2,2,2,4,2,2,0,0,0,1,0,0,0,4,3,2,2,4,3,1,0,0,1,0,(空)
248,153,90,5,2,4,2,3,5,2,2,4,4,2,4,4,5,3,2,3,2,3,3,2,2,2,2,3,4,3,2,3,2,2,4,2,3,3,4,4,0,0,1,0,1,0,0,4,2,4,2,2,3,0,0,0,1,0,(空)
249,193,97,5,1,3,3,2,2,4,3,4,3,2,2,2,3,4,4,3,4,4,4,3,3,5,5,4,2,2,3,2,3,3,4,4,4,3,2,2,0,0,1,0,1,0,0,2,2,2,3,4,3,1,0,1,0,0,(空)
250,160,75,1,1,3,3,2,3,2,1,2,3,2,4,3,1,2,3,2,2,2,1,1,4,2,4,2,2,1,4,4,3,5,3,4,4,4,5,4,0,1,0,0,0,0,0,4,5,5,2,1,2,0,1,1,0,0,(空)
251,196,124,1,1,4,3,3,3,3,3,4,3,3,3,4,3,5,5,5,4,5,5,3,5,5,3,5,5,3,3,3,5,4,5,5,5,3,3,3,0,0,0,1,1,0,0,5,5,5,5,5,5,0,1,1,0,0,(空)
252,159,78,8,2,2,2,3,1,3,2,4,4,4,3,2,2,1,3,1,2,3,4,3,3,2,2,3,3,4,2,3,1,2,2,3,1,2,3,2,0,0,0,0,1,0,0,4,2,2,1,2,2,1,0,0,0,0,(空)
253,186,99,5,1,3,4,4,4,4,2,2,4,4,5,2,4,4,4,3,4,3,4,4,3,2,2,3,4,5,2,3,2,2,1,2,2,2,2,3,0,0,1,1,0,0,0,1,2,2,3,4,4,1,0,0,1,0,(空)
254,174,119,8,2,5,2,3,2,5,5,4,3,4,4,5,3,4,2,2,2,5,3,4,5,5,4,5,3,5,3,5,5,4,5,3,3,4,5,5,0,0,0,1,1,0,0,4,4,5,5,5,5,1,0,1,1,0,(空)
255,182,102,5,2,2,2,2,1,4,3,4,2,4,4,3,4,3,4,4,4,2,4,4,2,3,4,2,3,4,2,2,3,2,2,4,4,2,4,2,0,0,0,1,0,0,0,2,2,3,4,5,4,0,1,1,0,0,(空)
256,172,89,3,2,3,3,3,7,4,2,4,3,2,4,4,3,4,1,2,2,3,2,2,2,3,2,3,2,3,4,4,3,3,3,4,3,4,3,4,0,0,0,1,1,0,0,5,5,4,2,2,2,0,1,0,0,0,(空)
257,175,120,1,3,2,2,1,2,4,5,5,4,3,5,4,4,5,3,4,3,4,5,3,3,4,3,5,4,5,3,3,3,5,5,5,3,3,2,2,0,1,0,0,0,0,0,3,5,5,4,5,5,1,0,0,0,0,(空)
258,166,116,5,2,2,2,3,3,4,3,2,3,3,4,5,5,5,4,3,3,3,3,3,5,5,5,3,3,5,4,5,5,5,4,5,5,4,5,5,0,0,0,0,1,0,0,3,5,5,4,5,5,0,0,1,0,0,(空)
259,172,114,1,1,3,4,3,2,3,4,3,5,3,4,5,5,5,5,5,5,5,4,3,2,2,3,3,5,4,5,3,5,4,4,5,5,5,3,3,0,0,0,1,0,0,0,5,3,3,3,3,3,1,1,0,1,0,(空)
260,163,98,2,2,5,2,4,6,3,2,3,4,3,2,4,4,4,4,4,4,4,2,3,3,5,5,2,4,2,4,2,3,3,4,4,4,4,4,4,0,0,0,0,1,0,0,4,4,3,1,1,1,1,1,0,0,0,(空)
261,178,77,1,1,2,3,2,3,3,2,2,1,2,2,4,2,3,2,2,1,3,4,3,2,2,2,3,3,4,3,1,2,1,2,1,2,1,1,3,0,0,1,0,1,0,0,1,2,2,4,5,3,0,1,1,1,0,(空)
262,154,96,5,1,2,2,2,3,3,2,2,2,2,3,3,3,3,3,2,4,5,4,4,2,3,2,3,2,4,5,3,5,1,2,2,2,3,4,2,0,0,0,1,0,0,0,2,2,4,3,2,4,1,1,0,0,0,(空)
263,182,77,6,2,5,3,4,3,2,2,2,2,2,4,2,2,2,2,4,2,3,2,4,2,2,3,3,4,2,2,3,2,1,2,1,2,3,2,2,0,0,1,1,0,0,0,1,2,2,3,2,3,0,0,1,0,0,(空)
264,170,87,5,3,5,2,3,3,2,2,2,4,4,3,3,4,4,2,2,2,2,2,2,4,3,4,2,2,4,4,2,4,3,3,4,4,4,4,2,0,0,0,0,1,0,0,4,2,2,2,2,2,0,0,1,0,0,(空)
265,187,96,8,1,4,2,4,1,4,5,5,5,4,4,2,2,3,2,2,2,2,2,2,3,4,2,4,4,4,2,1,2,3,4,4,3,2,2,4,0,1,0,0,0,0,0,4,4,4,4,4,4,1,1,0,0,0,(空)
266,157,119,6,4,2,2,2,2,3,2,2,3,3,3,4,4,3,2,3,3,5,3,5,4,5,5,5,5,5,5,5,3,4,3,3,3,4,3,3,0,1,0,0,1,0,0,4,4,5,5,5,4,1,1,1,0,0,(空)
267,180,101,5,2,3,3,3,6,4,4,2,3,2,3,3,2,2,2,4,4,2,3,2,4,3,3,4,4,5,5,4,4,2,2,3,2,3,3,3,0,0,1,0,0,0,0,3,3,3,4,4,3,0,1,0,0,0,(空)
268,162,128,7,3,4,2,2,3,5,4,5,4,4,5,4,5,5,4,5,4,5,4,4,5,5,5,5,5,4,4,5,4,4,4,5,5,5,5,5,0,0,0,0,1,0,0,5,5,5,5,4,5,0,0,1,1,0,(空)
269,174,127,8,1,3,3,3,1,4,5,5,3,3,5,5,5,5,5,5,4,5,5,5,3,3,3,5,5,5,5,5,3,5,5,5,5,5,5,3,0,1,0,1,0,0,0,3,3,3,5,5,5,0,1,0,1,0,(空)
270,154,74,7,3,3,2,2,2,2,2,3,4,4,3,4,2,2,2,2,2,3,1,1,4,2,2,3,1,3,3,3,4,4,4,4,5,2,1,2,0,0,0,0,1,0,0,2,2,2,2,2,1,0,1,1,1,0,(空)
271,187,102,3,1,5,3,4,2,2,1,3,4,3,2,4,3,4,3,4,4,3,4,3,4,3,4,4,5,3,4,3,2,4,4,4,2,2,2,2,1,0,0,0,0,0,0,4,4,4,4,4,5,1,0,0,0,0,(空)
272,162,123,1,4,4,4,4,6,3,3,3,2,2,3,5,5,5,4,5,5,5,4,3,5,5,5,5,4,5,3,4,5,3,3,3,5,3,5,3,0,1,0,0,0,0,0,3,5,4,5,5,5,0,1,0,1,0,(空)
273,162,95,8,3,1,1,1,1,1,2,2,2,1,2,4,4,5,3,1,2,5,3,4,5,4,5,4,5,5,2,1,1,4,4,2,2,2,4,4,0,0,0,0,1,0,0,2,2,2,2,4,4,0,1,1,1,0,(空)
274,183,94,4,2,1,1,1,1,3,2,1,4,4,5,3,3,2,4,4,2,2,3,2,3,3,2,4,4,3,4,5,3,2,2,2,2,4,3,5,0,0,0,0,1,0,0,5,1,1,4,3,4,0,0,1,0,0,(空)
275,161,91,5,2,2,3,2,2,4,4,5,3,4,5,2,3,3,4,3,4,2,3,3,3,1,2,2,2,4,3,3,2,1,1,2,2,2,3,2,0,0,0,1,1,0,0,2,3,3,3,2,2,0,1,1,1,0,(空)
276,182,115,6,2,2,2,1,5,5,3,3,2,3,3,3,4,3,5,5,5,5,5,5,5,3,5,3,5,3,4,5,4,3,2,3,3,4,5,5,0,1,0,1,0,0,0,4,5,5,4,3,3,0,1,0,1,0,(空)
277,158,97,1,1,2,1,1,3,4,4,3,2,3,1,4,3,4,4,5,4,2,2,3,4,4,4,2,2,2,4,4,4,5,4,5,4,3,2,4,0,1,0,1,0,0,0,4,3,1,2,4,3,1,0,0,1,0,(空)
278,192,79,7,1,1,1,1,3,2,2,1,3,4,4,2,2,4,4,2,4,2,2,2,2,2,2,3,2,2,4,4,4,2,2,2,2,2,2,2,0,1,0,0,0,0,0,4,3,2,2,2,2,0,0,0,1,0,(空)
279,169,142,8,1,3,3,4,2,3,4,4,5,5,5,5,4,4,5,5,5,5,4,5,5,5,4,5,5,5,5,5,5,5,5,5,5,3,4,4,0,1,0,0,1,0,0,4,5,4,5,5,5,1,1,1,0,0,(空)
280,182,113,2,2,4,3,2,3,3,3,2,5,5,5,4,5,5,3,5,3,5,4,3,4,5,4,4,5,5,4,3,3,5,3,5,5,5,5,5,0,0,0,1,1,0,0,4,5,5,5,3,3,1,1,0,1,0,(空)
281,160,92,4,2,3,3,3,2,4,4,2,4,2,4,2,2,4,4,3,2,1,2,3,4,4,4,3,3,2,3,4,4,4,4,3,4,5,5,4,0,0,0,1,0,0,0,4,4,2,3,4,5,0,1,0,0,0,(空)
282,179,87,8,2,2,3,1,3,1,1,2,3,2,3,3,3,4,2,4,2,4,2,4,3,2,2,2,1,2,2,2,3,4,4,2,2,3,3,4,0,0,0,1,1,0,0,4,4,4,5,4,5,1,0,0,0,0,(空)
283,157,94,6,4,2,1,2,1,4,3,4,2,2,2,5,4,4,4,2,2,1,2,2,4,2,4,3,4,4,2,3,4,2,4,3,4,2,3,4,0,0,0,1,1,0,0,4,2,4,3,3,2,1,0,1,0,0,(空)
284,174,138,6,2,3,3,3,6,5,4,5,5,5,5,5,5,5,4,4,5,5,5,4,5,5,5,5,4,5,5,5,5,3,5,3,5,4,5,5,0,0,0,1,0,0,0,5,5,5,4,5,5,0,1,1,1,0,(空)
285,157,93,2,2,1,2,1,3,2,3,2,2,2,4,4,5,5,3,4,3,5,4,3,4,2,3,1,3,2,2,3,2,3,2,2,1,2,4,2,0,0,0,1,0,0,0,3,3,2,4,2,4,0,0,1,0,0,(空)
286,185,87,5,1,2,3,1,1,4,4,4,4,3,4,2,1,2,3,2,2,2,4,3,2,2,2,4,3,4,2,2,4,3,5,5,4,4,4,4,0,0,0,1,0,0,0,4,3,1,2,1,2,0,1,0,1,0,(空)
287,165,109,1,1,4,3,3,6,3,3,2,3,2,2,4,4,5,5,4,3,4,2,3,4,5,5,3,3,5,5,4,5,5,4,5,5,5,3,4,0,0,0,1,1,0,0,5,5,5,3,3,3,0,0,1,1,0,(空)
288,189,96,5,3,1,1,2,3,4,3,2,2,3,2,4,4,5,2,4,4,2,2,4,2,2,2,5,4,4,4,4,3,1,2,2,2,2,2,1,0,0,0,1,1,0,0,2,4,4,4,2,4,0,0,1,1,0,(空)
289,172,82,2,2,2,2,3,4,2,3,4,2,2,2,4,3,4,2,2,2,5,4,4,1,2,2,1,2,2,4,3,4,4,4,2,4,3,4,2,1,0,0,0,1,0,0,4,1,1,2,2,2,0,1,1,0,0,(空)
290,188,85,5,1,2,1,1,3,4,4,4,2,4,2,4,2,2,2,2,4,4,2,2,2,4,4,2,2,2,4,2,2,2,2,4,2,1,3,2,0,0,1,0,0,0,0,2,4,4,2,3,2,0,1,1,0,0,(空)
291,162,80,1,1,4,3,4,3,2,1,2,3,2,2,3,4,2,4,2,4,1,3,2,1,2,3,1,2,2,5,4,4,4,4,2,2,2,1,2,0,0,0,0,1,0,0,1,2,2,4,4,4,1,1,1,0,0,(空)
292,176,78,4,2,1,1,1,3,4,2,4,2,4,4,2,2,2,2,2,1,2,2,1,2,2,2,2,3,2,1,2,2,2,2,4,2,4,2,4,0,0,0,1,0,0,0,3,4,4,4,2,4,1,1,0,1,0,(空)
293,161,94,1,1,1,1,1,3,1,2,2,4,3,4,5,3,4,4,3,3,1,2,1,2,4,2,2,2,3,4,4,4,3,2,3,2,3,4,4,0,0,1,0,0,0,0,5,5,5,3,2,4,0,0,1,0,0,(空)
294,165,140,3,1,4,2,4,1,5,5,5,5,4,4,5,5,5,5,4,5,5,5,5,5,5,5,5,4,5,5,4,4,4,5,4,5,4,4,5,0,0,0,1,1,0,0,4,5,5,4,5,4,0,1,1,1,0,(空)
295,186,123,2,3,5,4,3,3,5,3,3,3,4,5,3,4,3,5,5,4,3,3,4,4,5,5,5,5,5,5,5,5,3,3,3,2,5,5,3,0,0,0,0,1,0,0,5,3,5,5,4,5,1,1,1,0,0,(空)
296,176,132,5,1,4,2,3,1,5,4,5,4,4,5,5,5,5,4,5,5,5,5,4,5,5,5,5,4,5,5,5,4,4,5,5,5,5,5,5,0,0,0,1,1,0,0,5,5,5,4,5,5,1,0,0,0,0,(空)
297,183,87,5,4,4,3,3,1,1,3,1,3,3,2,2,3,4,2,2,2,2,4,3,3,3,3,4,5,4,4,4,3,4,2,2,2,2,4,3,0,0,0,1,1,0,0,4,4,2,2,2,2,0,1,0,0,0,(空)
298,156,93,3,1,3,3,2,6,3,3,2,2,2,3,3,4,4,2,2,3,5,3,3,4,4,2,4,5,3,2,4,4,4,5,3,3,2,1,3,0,0,0,1,0,0,0,2,2,2,2,4,3,0,0,1,0,0,(空)
299,171,93,6,1,3,4,3,2,3,4,4,2,3,2,4,2,4,3,4,2,5,3,4,3,2,3,2,2,1,3,4,3,2,2,2,2,4,4,4,0,0,0,1,1,0,0,2,4,2,2,2,3,0,0,0,1,0,(空)
300,190,77,5,2,4,2,4,1,4,2,2,2,4,2,2,1,2,2,2,3,2,2,3,2,2,2,4,2,4,2,2,4,2,4,2,3,4,4,2,0,1,0,1,0,0,0,4,4,4,2,1,1,1,0,0,0,0,(空)
301,193,83,6,2,2,2,2,2,2,4,2,2,3,3,4,2,2,4,4,4,4,4,2,3,2,4,2,2,4,1,2,1,2,2,3,1,2,2,2,0,0,0,1,1,0,0,2,3,2,2,4,2,0,1,0,1,0,(空)
302,191,85,1,1,4,3,2,4,2,2,2,3,2,4,1,2,2,2,2,2,5,4,5,4,5,4,2,3,2,4,2,4,4,4,4,2,5,5,4,0,1,0,1,0,0,0,4,2,2,3,2,4,1,1,0,1,0,(空)
